Anime	Jace1551	FireSource	Swords122333	melonheadgaming	CreateAMate	Idokoe	Tossymoe	OtakuLord	SpriteofSnow	reuqii	Wonhyukdo	Speegie	PyroZ13	torpdeo	Timeswerve	Shresht-Y
Ano Hi Mita Hana no Namae wo Bokutachi wa Mada Shiranai.	1	1	1	1	1	1	1	1	1	0	1	1	1	1	1	1
Kimi no Na wa.	1	1	1	1	1	1	1	1	0	1	1	1	1	1	1	1
No Game No Life	1	1	1	1	1	1	1	1	1	1	1	1	1	0	1	1
Steins;Gate	1	1	1	1	1	1	0	1	1	1	1	1	1	1	1	1
Seishun Buta Yarou wa Bunny Girl Senpai no Yume wo Minai	1	1	1	1	1	1	1	1	1	1	1	1	1	0	1	0
Jujutsu Kaisen (TV)	1	1	1	1	1	0	1	1	0	1	1	1	1	0	1	1
Kimetsu no Yaiba	1	1	0	1	1	1	1	1	0	1	1	1	1	0	1	1
Koe no Katachi	1	1	0	1	1	1	1	1	1	1	1	0	1	1	1	0
Re:Zero kara Hajimeru Isekai Seikatsu	1	1	1	1	1	0	1	1	0	1	1	1	1	0	1	1
Shingeki no Kyojin	1	1	1	1	0	1	0	1	1	1	1	1	1	0	1	1
Violet Evergarden	1	1	1	1	0	1	1	0	1	0	1	1	1	1	1	1
86	1	1	0	0	1	1	1	1	1	0	1	1	1	0	1	1
Kaguya-sama wa Kokurasetai? Tensai-tachi no Renai Zunousen	1	1	0	1	1	1	1	1	0	0	1	1	1	0	1	1
Mob Psycho 100	1	1	0	1	1	0	1	1	0	1	1	1	1	0	1	1
Re:Zero kara Hajimeru Isekai Seikatsu 2nd Season	1	1	0	1	1	0	1	1	0	1	1	1	1	0	1	1
Sen to Chihiro no Kamikakushi	1	1	1	1	1	1	1	0	1	1	1	1	0	0	1	0
Sword Art Online	1	1	0	1	1	1	0	1	0	1	0	1	1	1	1	1
Wotaku ni Koi wa Muzukashii	1	1	0	1	1	1	1	1	1	0	1	1	0	0	1	1
Angel Beats!	1	0	1	1	0	1	1	1	0	1	1	1	1	0	0	1
Bakemonogatari	1	1	1	1	1	1	1	0	0	1	1	1	0	0	0	1
Death Note	1	1	1	1	1	0	0	1	0	0	1	1	1	0	1	1
Eizouken ni wa Te wo Dasu na!	1	1	0	0	1	1	1	0	1	1	1	1	1	0	0	1
Horimiya	1	1	1	1	1	0	1	1	0	0	1	1	1	0	1	0
Kono Subarashii Sekai ni Shukufuku wo!	1	1	1	1	1	0	1	1	0	0	1	1	1	0	0	1
Made in Abyss	1	1	1	0	1	0	1	1	1	1	1	1	0	0	1	0
Mob Psycho 100 II	1	1	0	1	0	0	1	1	0	1	1	1	1	0	1	1
One Punch Man	1	1	1	1	0	0	1	1	0	1	1	1	1	0	0	1
Shigatsu wa Kimi no Uso	1	1	1	1	0	0	1	1	0	0	1	1	1	1	1	0
Toradora!	1	1	1	1	1	1	1	0	0	0	1	1	0	0	1	1
Violet Evergarden Movie	1	0	1	1	0	1	1	0	1	0	1	1	1	1	1	0
Yahari Ore no Seishun Love Comedy wa Machigatteiru.	1	0	1	1	1	0	1	1	0	0	1	1	1	1	1	0
Yahari Ore no Seishun Love Comedy wa Machigatteiru. Zoku	1	0	1	1	1	0	1	1	0	0	1	1	1	1	1	0
Ansatsu Kyoushitsu	1	1	0	1	0	1	0	1	1	1	1	0	0	0	1	1
Boku dake ga Inai Machi	1	1	0	1	1	1	0	1	0	1	1	1	0	0	0	1
Boku no Hero Academia	1	1	0	1	1	0	0	1	1	1	1	1	0	0	0	1
Boku no Hero Academia 2nd Season	1	1	0	1	1	0	0	1	1	1	1	1	0	0	0	1
Fullmetal Alchemist: Brotherhood	1	1	1	1	0	0	1	0	1	1	1	1	0	0	0	1
Kakegurui	1	1	1	1	0	1	1	0	1	1	1	0	0	0	0	1
Kanojo, Okarishimasu	1	1	0	1	1	0	1	0	0	0	1	1	1	0	1	1
Kill la Kill	1	1	1	0	1	0	1	0	0	1	0	1	0	1	1	1
Kono Subarashii Sekai ni Shukufuku wo! 2	1	1	0	1	1	0	1	1	0	0	1	1	1	0	0	1
Re:Zero kara Hajimeru Isekai Seikatsu 2nd Season Part 2	1	1	0	1	1	0	1	1	0	0	1	1	1	0	1	0
Shiguang Dailiren	1	1	1	0	1	1	0	1	0	0	1	1	1	0	1	0
Shingeki no Kyojin Season 2	1	1	0	1	0	0	0	1	0	1	1	1	1	0	1	1
Boku no Hero Academia 3rd Season	1	1	0	1	1	0	0	1	1	0	1	1	0	0	0	1
Chuunibyou demo Koi ga Shitai!	1	1	1	1	1	1	1	0	0	0	1	1	0	0	0	0
Dr. Stone	1	1	0	1	0	0	1	1	0	1	1	0	1	0	1	0
Dungeon ni Deai wo Motomeru no wa Machigatteiru Darou ka	1	1	0	0	0	0	1	1	0	0	1	1	0	1	1	1
Hotarubi no Mori e	1	1	1	1	0	0	0	0	1	1	1	1	0	0	0	1
Hunter x Hunter (2011)	1	1	0	1	1	0	0	0	1	1	0	1	0	0	1	1
Kimetsu no Yaiba Movie: Mugen Ressha-hen	1	1	0	1	1	1	1	0	0	0	1	1	0	0	1	0
Kizumonogatari I: Tekketsu-hen	1	1	1	0	1	1	1	1	0	0	0	1	0	0	0	1
Kizumonogatari II: Nekketsu-hen	1	1	1	0	1	1	1	1	0	0	0	1	0	0	0	1
Kizumonogatari III: Reiketsu-hen	1	1	1	0	1	1	1	1	0	0	0	1	0	0	0	1
Nisekoi	1	1	0	1	1	0	1	1	0	0	0	1	0	0	1	1
Nisemonogatari	1	1	1	1	1	0	1	0	0	0	1	1	0	0	0	1
Noragami	1	1	0	1	0	1	1	0	1	1	0	0	0	0	1	1
Shingeki no Kyojin Season 3	1	1	0	1	0	0	0	1	0	0	1	1	1	0	1	1
Shingeki no Kyojin Season 3 Part 2	1	1	0	1	0	0	0	1	0	0	1	1	1	0	1	1
Sword Art Online: Progressive Movie - Hoshi Naki Yoru no Aria	1	1	1	0	0	1	0	0	1	1	0	0	0	1	1	1
Toki wo Kakeru Shoujo	1	1	1	1	0	1	0	0	0	1	1	1	1	0	0	0
Violet Evergarden Gaiden: Eien to Jidou Shuki Ningyou	1	1	1	0	0	1	1	0	1	0	1	1	1	0	0	0
Yakusoku no Neverland	1	1	0	1	1	0	0	0	0	1	1	1	1	0	0	1
Kaguya-sama wa Kokurasetai: Tensai-tachi no Renai Zunousen	0	1	0	1	1	1	1	0	0	0	1	0	1	0	1	1
Kami no Tou	0	1	0	1	0	0	1	0	1	1	1	1	1	0	0	1
5-toubun no Hanayome	1	1	0	0	1	0	1	0	0	0	1	1	0	0	1	1
Boku no Hero Academia 4th Season	1	1	0	0	1	0	0	1	0	0	1	1	1	0	0	1
Clannad	1	0	1	1	1	0	1	1	0	0	1	1	0	0	0	0
Death Parade	1	1	0	1	0	0	0	0	1	1	1	1	0	0	1	0
Kimetsu no Yaiba: Yuukaku-hen	1	1	0	1	1	0	1	0	0	0	1	1	1	0	0	0
Kobayashi-san Chi no Maid Dragon	1	1	1	0	1	0	1	0	0	1	1	1	0	0	0	0
Mirai Nikki (TV)	1	1	0	0	0	1	1	0	0	1	0	1	0	0	1	1
Mushoku Tensei: Isekai Ittara Honki Dasu	1	1	0	0	0	0	1	1	0	0	1	1	0	0	1	1
Nekomonogatari: Kuro	1	1	1	1	1	0	1	0	0	0	0	1	0	0	0	1
One Punch Man 2nd Season	1	1	0	0	0	0	1	0	0	1	1	1	1	0	0	1
Overlord	1	1	0	0	0	0	1	1	0	1	1	0	0	0	1	1
Perfect Blue	1	0	1	1	1	1	0	0	0	0	1	1	0	0	0	1
Steins;Gate 0	1	1	0	1	0	0	0	1	0	0	1	0	1	0	1	1
Sword Art Online II	1	1	0	0	0	1	0	0	0	1	0	1	1	1	0	1
Tokyo Ghoul	1	1	0	0	0	0	0	1	1	1	0	1	1	0	0	1
Ansatsu Kyoushitsu 2nd Season	0	1	0	1	0	1	0	1	0	1	1	0	0	0	1	1
Code Geass: Hangyaku no Lelouch	0	1	1	1	0	1	0	1	0	0	0	1	1	0	0	1
JoJo no Kimyou na Bouken Part 5: Ougon no Kaze	0	1	1	1	0	0	0	1	0	1	1	1	0	0	0	1
No Game No Life: Zero	0	1	1	1	0	0	1	1	0	0	1	0	1	0	0	1
Tenki no Ko	0	1	1	1	1	1	1	0	0	0	1	0	0	1	0	0
5-toubun no Hanayome  	1	1	0	0	1	0	1	0	0	0	1	1	0	0	1	0
Another	1	1	1	1	0	1	0	1	0	0	0	0	0	0	0	1
Charlotte	1	1	0	0	0	1	1	1	0	1	0	0	0	0	0	1
Darling in the FranXX	1	1	0	1	0	0	0	0	0	1	1	0	1	0	0	1
Fate/stay night: Unlimited Blade Works	1	1	1	1	0	1	0	1	0	0	0	0	0	0	0	1
Hataraku Maou-sama!	1	1	1	0	0	0	1	1	0	0	1	0	0	0	0	1
High School DxD	1	1	1	0	0	0	1	1	0	0	0	1	0	0	0	1
Houseki no Kuni (TV)	1	1	1	0	0	0	1	0	1	1	1	0	0	0	0	0
Neon Genesis Evangelion	1	1	0	1	1	0	1	0	0	0	0	1	0	0	0	1
Neon Genesis Evangelion: The End of Evangelion	1	1	0	1	1	0	1	0	0	0	0	1	0	0	0	1
Noragami Aragoto	1	1	0	1	0	1	1	0	1	0	0	0	0	0	0	1
Sakura-sou no Pet na Kanojo	1	0	1	1	1	0	1	0	0	0	0	1	0	0	1	0
Shingeki no Kyojin: The Final Season	1	1	0	1	0	0	0	0	0	0	1	1	1	0	1	0
Steins;Gate: Oukoubakko no Poriomania	1	1	0	0	0	0	0	1	1	1	0	1	0	0	0	1
Tate no Yuusha no Nariagari	1	1	0	1	0	0	1	0	0	0	1	0	0	0	1	1
Tensei shitara Slime Datta Ken	1	1	0	0	0	1	1	0	0	0	1	1	0	0	1	0
Vivy: Fluorite Eye's Song	1	1	0	0	0	0	0	0	1	0	1	0	1	1	1	0
Yagate Kimi ni Naru	1	0	0	1	1	0	1	0	0	1	1	0	0	0	1	0
Yahari Ore no Seishun Love Comedy wa Machigatteiru. Kan	1	0	0	1	1	0	1	0	0	0	1	1	1	0	0	0
Code Geass: Hangyaku no Lelouch R2	0	1	1	0	0	1	0	1	0	0	0	1	1	0	0	1
Dr. Stone: Stone Wars	0	1	0	1	0	0	1	0	0	1	1	0	1	0	1	0
Fairy Tail	0	1	1	0	0	0	0	1	1	1	0	1	0	0	0	1
JoJo no Kimyou na Bouken (TV)	0	1	0	1	0	0	0	1	0	1	1	1	0	0	0	1
JoJo no Kimyou na Bouken Part 3: Stardust Crusaders 2nd Season	0	1	0	1	0	0	0	1	0	1	1	1	0	0	0	1
JoJo no Kimyou na Bouken Part 4: Diamond wa Kudakenai	0	1	0	1	0	0	0	1	0	1	1	1	0	0	0	1
Kimi no Suizou wo Tabetai	0	1	1	1	0	1	1	0	0	0	1	0	0	0	1	0
Kiseijuu: Sei no Kakuritsu	0	1	0	1	0	1	0	1	0	0	1	0	0	0	1	1
Mahou Shoujo Madoka Magica	0	1	1	0	1	1	1	0	0	1	0	0	1	0	0	0
Seishun Buta Yarou wa Yumemiru Shoujo no Yume wo Minai	0	1	1	0	1	0	1	0	0	1	1	0	0	0	1	0
Tengen Toppa Gurren Lagann	0	1	1	0	1	0	0	1	0	0	0	1	1	0	0	1
The God of High School	0	1	0	0	1	0	1	0	0	0	1	1	1	0	0	1
Byousoku 5 Centimeter	1	0	1	1	0	0	0	0	0	0	1	0	0	1	0	1
Danshi Koukousei no Nichijou	1	0	1	0	1	1	1	0	0	0	0	0	0	0	0	1
Dungeon ni Deai wo Motomeru no wa Machigatteiru Darou ka II	1	1	0	0	0	0	1	0	0	0	1	1	0	0	0	1
Hanamonogatari	1	1	1	0	1	0	1	0	0	0	0	0	0	0	0	1
Hibike! Euphonium	1	0	1	1	1	1	1	0	0	0	0	0	0	0	0	0
Hyouka	1	0	0	1	1	0	1	1	0	0	1	0	0	0	0	0
Kono Subarashii Sekai ni Shukufuku wo! Movie: Kurenai Densetsu	1	1	0	0	1	0	1	0	0	0	1	0	1	0	0	0
Majo no Takkyuubin	1	1	1	0	0	0	0	0	0	0	1	1	0	0	1	0
Monogatari Series: Second Season	1	1	1	0	1	0	1	0	0	0	0	0	0	0	0	1
Naruto	1	1	0	0	0	0	0	1	0	0	0	1	1	0	0	1
Nisekoi:	1	1	0	1	0	0	0	0	0	0	0	1	0	0	1	1
Ookami Kodomo no Ame to Yuki	1	1	1	0	0	1	0	0	0	0	1	1	0	0	0	0
Ookami to Koushinryou	1	1	0	1	0	1	1	0	0	0	0	0	0	0	1	0
Overlord II	1	1	0	0	0	0	1	0	0	0	1	0	0	0	1	1
Overlord III	1	1	0	0	0	0	1	0	0	0	1	0	0	0	1	1
Owarimonogatari	1	1	1	0	1	0	1	0	0	0	0	0	0	0	0	1
Owarimonogatari 2nd Season	1	1	1	0	1	0	1	0	0	0	0	0	0	0	0	1
Sono Bisque Doll wa Koi wo Suru	1	1	0	1	1	0	1	0	0	0	1	0	0	0	0	0
Sword Art Online: Alicization	1	1	0	1	0	0	0	0	0	0	0	1	1	0	0	1
Tensei shitara Slime Datta Ken 2nd Season	1	1	0	0	0	0	1	0	0	0	1	1	0	0	1	0
Tokyo Ghoul  A	1	1	0	0	0	0	0	1	0	0	0	1	1	0	0	1
Tonikaku Kawaii	1	1	0	0	0	0	1	0	0	0	0	0	1	0	1	1
Tsukimonogatari	1	1	1	0	1	0	1	0	0	0	0	0	0	0	0	1
Yamada-kun to 7-nin no Majo (TV)	1	0	0	0	0	0	1	1	0	0	0	1	0	0	1	1
Youkoso Jitsuryoku Shijou Shugi no Kyoushitsu e (TV)	1	0	0	1	0	0	1	1	0	0	0	0	0	0	1	1
Bungou Stray Dogs	0	1	0	0	1	1	0	0	1	1	0	0	0	0	0	1
Chuunibyou demo Koi ga Shitai! Ren	0	1	0	1	0	1	1	0	0	0	1	1	0	0	0	0
JoJo no Kimyou na Bouken Part 3: Stardust Crusaders	0	1	0	0	0	0	0	1	0	1	1	1	0	0	0	1
Psycho-Pass	0	1	1	0	0	0	0	0	1	0	0	1	0	0	1	1
Violet Evergarden: Kitto "Ai" wo Shiru Hi ga Kuru no Darou	0	1	1	0	0	1	1	0	0	0	0	1	0	0	0	1
Youjo Senki	0	1	0	0	0	0	1	0	0	1	1	1	0	0	0	1
Beastars	0	0	1	0	0	1	0	0	0	1	1	1	1	0	0	0
K-On!	0	0	1	1	1	1	1	0	0	0	1	0	0	0	0	0
Kotonoha no Niwa	0	0	1	1	1	0	1	1	0	0	1	0	0	0	0	0
Odd Taxi	0	0	1	0	1	0	1	0	1	0	1	0	1	0	0	0
Sora yori mo Tooi Basho	0	0	1	1	1	0	1	0	0	0	1	0	0	0	1	0
Kakegurui××	0	0	0	1	0	1	1	0	0	1	1	0	0	0	0	1
3-gatsu no Lion	1	1	0	0	1	0	1	0	0	0	1	0	0	0	0	0
3-gatsu no Lion 2nd Season	1	1	0	0	1	0	1	0	0	0	1	0	0	0	0	0
Akame ga Kill!	1	1	0	0	0	1	0	0	0	1	0	0	0	0	0	1
Clannad: After Story	1	0	1	1	0	0	1	0	0	0	1	0	0	0	0	0
Clannad: Mou Hitotsu no Sekai, Tomoyo-hen	1	0	1	1	0	0	1	0	0	0	0	1	0	0	0	0
Date A Live	1	0	0	0	0	1	0	1	0	0	0	0	0	0	1	1
Death March kara Hajimaru Isekai Kyousoukyoku	1	1	0	0	0	0	1	0	0	0	1	0	0	0	1	0
Dungeon ni Deai wo Motomeru no wa Machigatteiru Darou ka III	1	1	0	0	0	0	1	0	0	0	1	1	0	0	0	0
Fate/stay night: Unlimited Blade Works 2nd Season	1	1	0	1	0	1	0	0	0	0	0	0	0	0	0	1
Fate/Zero	1	1	1	1	0	1	0	0	0	0	0	0	0	0	0	0
Fate/Zero 2nd Season	1	1	1	1	0	1	0	0	0	0	0	0	0	0	0	0
Fullmetal Alchemist	1	1	0	0	0	0	0	1	0	0	0	0	1	0	0	1
Hinamatsuri (TV)	1	1	0	0	0	0	1	0	0	0	1	0	0	0	1	0
Jujutsu Kaisen 0 Movie	1	1	0	1	0	0	0	0	0	0	1	1	0	0	0	0
Log Horizon	1	1	1	0	0	0	0	1	0	0	0	0	0	0	1	0
Mairimashita! Iruma-kun	1	1	0	0	0	0	1	0	0	1	0	0	0	0	0	1
Mairimashita! Iruma-kun 2nd Season	1	1	0	0	0	0	1	0	0	1	0	0	0	0	0	1
Maou Gakuin no Futekigousha: Shijou Saikyou no Maou no Shiso, Tensei shite Shison-tachi no Gakkou e Kayou	1	1	0	0	0	0	1	0	0	0	0	0	0	0	1	1
Maoyuu Maou Yuusha	1	0	0	0	0	0	1	1	0	0	0	0	0	0	1	1
Mirai Nikki: Redial	1	0	0	0	0	0	1	0	0	1	0	1	0	0	1	0
Munou na Nana	1	1	0	0	0	0	1	0	0	0	0	0	1	0	0	1
Naruto: Shippuuden	1	1	0	0	0	0	0	1	0	0	0	0	1	0	0	1
Ousama Ranking	1	1	0	0	1	0	1	0	0	0	0	0	1	0	0	0
Plastic Memories	1	0	1	1	0	0	0	0	0	0	0	0	0	0	1	1
Saenai Heroine no Sodatekata	1	0	0	1	0	0	1	0	0	0	0	1	0	0	1	0
Shelter (Music)	1	0	1	0	0	0	0	0	1	1	0	0	0	0	0	1
Shinchou Yuusha: Kono Yuusha ga Ore Tueee Kuse ni Shinchou Sugiru	1	1	0	0	0	0	1	1	0	0	0	0	0	0	0	1
Shingeki no Kyojin: The Final Season Part 2	1	1	0	1	0	0	0	0	0	0	1	0	1	0	0	0
Shokugeki no Souma	1	0	0	1	0	0	0	1	1	0	0	1	0	0	0	0
Steins;Gate Movie: Fuka Ryouiki no Déjà vu	1	0	0	0	0	0	0	1	0	0	1	1	0	0	0	1
Suzumiya Haruhi no Shoushitsu	1	0	1	0	1	0	1	1	0	0	0	0	0	0	0	0
Suzumiya Haruhi no Yuuutsu	1	0	1	0	1	0	1	1	0	0	0	0	0	0	0	0
Sword Art Online: Alicization - War of Underworld	1	1	0	1	0	0	0	0	0	0	0	0	1	0	0	1
Vinland Saga	1	1	0	0	0	0	0	0	0	0	1	0	1	0	0	1
Zero no Tsukaima	1	0	1	0	0	0	0	1	0	0	0	1	0	0	0	1
Bungou Stray Dogs 2nd Season	0	1	0	0	0	1	0	0	1	1	0	0	0	0	0	1
Goblin Slayer	0	1	0	0	0	0	1	0	0	0	1	1	0	0	0	1
Great Pretender	0	1	0	0	0	1	0	0	0	0	1	1	1	0	0	0
Kobayashi-san Chi no Maid Dragon S	0	1	0	0	1	0	1	0	0	0	1	1	0	0	0	0
Magi: The Labyrinth of Magic	0	1	0	0	0	0	0	1	0	0	0	1	0	0	1	1
Mushoku Tensei: Isekai Ittara Honki Dasu Part 2	0	1	0	0	0	0	1	0	0	0	1	1	0	0	1	0
Otome Game no Hametsu Flag shika Nai Akuyaku Reijou ni Tensei shiteshimatta...	0	1	0	0	0	1	1	0	1	0	0	0	0	0	0	1
Owari no Seraph	0	1	0	0	0	0	0	1	1	1	0	0	0	0	0	1
Owari no Seraph: Nagoya Kessen-hen	0	1	0	0	0	0	0	1	1	1	0	0	0	0	0	1
Haikyuu!!	0	0	1	0	0	0	0	0	1	0	0	1	1	0	1	0
Haikyuu!! Second Season	0	0	1	0	0	0	0	0	1	0	0	1	1	0	1	0
Kuzu no Honkai	0	0	1	1	0	1	0	0	0	0	0	1	0	0	0	1
Little Witch Academia	0	0	1	0	1	1	0	0	0	1	0	1	0	0	0	0
Love Live! School Idol Project	0	0	1	1	0	1	1	0	0	1	0	0	0	0	0	0
Love Live! School Idol Project 2nd Season	0	0	1	1	0	1	1	0	0	1	0	0	0	0	0	0
Made in Abyss Movie 3: Fukaki Tamashii no Reimei	0	0	1	0	1	0	1	0	1	0	1	0	0	0	0	0
Adachi to Shimamura	0	0	0	1	0	0	0	0	0	0	0	1	1	0	1	1
Hataraku Saibou (TV)	0	0	0	1	0	1	0	0	1	1	1	0	0	0	0	0
Yuru Camp 	0	0	0	1	1	0	1	0	0	0	1	1	0	0	0	0
Blend S	0	0	0	0	0	0	1	0	0	1	1	0	0	0	1	1
Rokudenashi Majutsu Koushi to Akashic Records	0	0	0	0	0	0	0	1	0	0	0	1	0	1	1	1
Campione!: Matsurowanu Kamigami to Kamigoroshi no Maou	1	0	0	0	0	0	0	1	0	0	0	0	0	0	1	1
Clannad: After Story - Mou Hitotsu no Sekai, Kyou-hen	1	0	1	1	0	0	1	0	0	0	0	0	0	0	0	0
Cowboy Bebop	1	1	0	0	0	0	0	0	0	0	0	0	1	0	0	1
Domestic na Kanojo	1	0	0	1	0	0	1	0	0	0	0	0	0	0	0	1
Gate: Jieitai Kanochi nite, Kaku Tatakaeri	1	1	0	0	0	0	1	0	0	0	0	0	0	0	0	1
Gate: Jieitai Kanochi nite, Kaku Tatakaeri 2nd Season	1	1	0	0	0	0	1	0	0	0	0	0	0	0	0	1
Golden Time	1	0	0	1	0	0	1	0	0	0	0	0	0	0	0	1
Kami nomi zo Shiru Sekai	1	0	0	0	0	0	1	1	0	0	0	0	0	0	0	1
Kami nomi zo Shiru Sekai II	1	0	0	0	0	0	1	1	0	0	0	0	0	0	0	1
Kami nomi zo Shiru Sekai: Megami-hen	1	0	0	0	0	0	1	1	0	0	0	0	0	0	0	1
Kekkai Sensen	1	1	0	0	0	0	0	0	0	1	0	0	0	0	0	1
Kokoro Connect	1	0	1	0	0	0	0	1	0	0	0	0	0	1	0	0
Kyoukai no Kanata	1	0	0	0	0	0	1	1	0	0	1	0	0	0	0	0
Love Live! Superstar!!	1	0	1	1	0	1	0	0	0	0	0	0	0	0	0	0
Masamune-kun no Revenge	1	0	0	0	0	0	0	0	0	0	0	1	1	0	1	0
Monster Musume no Iru Nichijou	1	0	1	0	0	0	1	0	0	0	0	0	0	0	1	0
Ookami to Koushinryou II	1	1	0	0	0	0	1	0	0	0	0	0	0	0	1	0
Ore no Kanojo to Osananajimi ga Shuraba Sugiru	1	0	0	0	0	0	0	1	0	0	0	0	0	0	1	1
Ore wo Suki nano wa Omae dake ka yo	1	1	0	0	0	0	0	1	0	0	0	0	1	0	0	0
Princess Connect! Re:Dive	1	1	0	0	1	0	1	0	0	0	0	0	0	0	0	0
Rakudai Kishi no Cavalry	1	0	0	0	0	0	1	0	0	0	0	0	0	0	1	1
Saenai Heroine no Sodatekata  	1	0	0	1	0	0	1	0	0	0	0	0	0	0	1	0
Saenai Heroine no Sodatekata Fine	1	0	0	1	0	0	1	0	0	0	0	0	0	0	1	0
Shokugeki no Souma: San no Sara	1	0	0	1	0	0	0	1	0	0	0	1	0	0	0	0
Shokugeki no Souma: San no Sara - Tootsuki Ressha-hen	1	0	0	1	0	0	0	1	0	0	0	1	0	0	0	0
Shokugeki no Souma: Shin no Sara	1	0	0	1	0	0	0	1	0	0	0	1	0	0	0	0
Steins;Gate: Kyoukaimenjou no Missing Link - Divide By Zero	1	0	0	1	0	0	0	1	0	0	0	0	0	0	0	1
Suzumiya Haruhi no Yuuutsu (2009)	1	0	1	0	1	0	1	0	0	0	0	0	0	0	0	0
Tensai Ouji no Akaji Kokka Saisei Jutsu	1	1	0	0	0	0	1	1	0	0	0	0	0	0	0	0
Toaru Majutsu no Index	1	1	0	0	0	0	0	1	0	0	0	1	0	0	0	0
Trinity Seven	1	0	0	0	0	0	0	1	0	1	0	0	0	0	0	1
Wonder Egg Priority	1	1	0	0	0	0	0	0	0	0	1	0	1	0	0	0
86 Part 2	0	1	0	0	0	0	1	0	0	0	0	0	1	0	0	1
Akudama Drive	0	1	0	0	0	0	0	0	0	0	0	1	1	0	1	0
Bungou Stray Dogs 3rd Season	0	1	0	0	0	1	0	0	1	0	0	0	0	0	0	1
Enen no Shouboutai	0	1	0	0	0	0	1	0	0	0	1	0	1	0	0	0
Enen no Shouboutai: Ni no Shou	0	1	0	0	0	0	1	0	0	0	1	0	1	0	0	0
Gake no Ue no Ponyo	0	1	0	0	0	0	0	1	0	0	1	1	0	0	0	0
Higurashi no Naku Koro ni	0	1	0	0	0	1	0	0	0	0	0	1	0	0	0	1
Isekai Quartet	0	1	0	0	0	0	1	0	0	0	1	0	0	0	0	1
Isekai Quartet 2	0	1	0	0	0	0	1	0	0	0	1	0	0	0	0	1
Itai no wa Iya nano de Bougyoryoku ni Kyokufuri Shitai to Omoimasu.	0	1	0	0	0	0	1	0	0	0	1	0	0	0	1	0
Jibaku Shounen Hanako-kun	0	1	0	0	0	0	1	0	0	0	1	0	1	0	0	0
Kakushigoto (TV)	0	1	0	0	0	0	1	0	0	0	1	0	1	0	0	0
Mahoutsukai no Yome	0	1	0	1	0	0	1	0	0	0	0	0	0	0	1	0
Majo no Tabitabi	0	1	0	0	0	0	1	0	0	0	0	0	0	0	1	1
Soul Eater	0	1	0	0	0	0	0	0	1	1	0	0	0	0	0	1
Tensei shitara Slime Datta Ken 2nd Season Part 2	0	1	0	0	0	0	1	0	0	0	1	0	0	0	1	0
Vanitas no Karte	0	1	0	0	0	0	1	0	1	0	0	1	0	0	0	0
Youjo Senki Movie	0	1	0	0	0	0	1	0	0	1	1	0	0	0	0	0
Zoku Owarimonogatari	0	1	1	0	1	0	1	0	0	0	0	0	0	0	0	0
Demi-chan wa Kataritai	0	0	1	0	0	0	1	0	0	0	0	1	0	0	1	0
Dragon Ball Z	0	0	1	0	0	0	0	1	0	0	0	1	0	0	0	1
Haikyuu!!: Karasuno Koukou vs. Shiratorizawa Gakuen Koukou	0	0	1	0	0	0	0	0	0	0	0	1	1	0	1	0
Happy Sugar Life	0	0	1	0	0	0	1	0	0	1	0	0	0	0	0	1
Kaichou wa Maid-sama!	0	0	1	1	0	0	0	0	0	0	0	1	0	0	1	0
Koyomimonogatari	0	0	1	0	1	0	1	0	0	0	0	0	0	0	0	1
Little Witch Academia (TV)	0	0	1	0	0	1	0	0	0	1	0	1	0	0	0	0
Little Witch Academia: Mahoujikake no Parade	0	0	1	0	1	1	0	0	0	0	0	1	0	0	0	0
Love Live! Sunshine!!	0	0	1	1	0	1	1	0	0	0	0	0	0	0	0	0
Love Live! Sunshine!! 2nd Season	0	0	1	1	0	1	1	0	0	0	0	0	0	0	0	0
Love Live! Sunshine!! The School Idol Movie: Over the Rainbow	0	0	1	1	0	1	1	0	0	0	0	0	0	0	0	0
Love Live! The School Idol Movie	0	0	1	1	0	1	1	0	0	0	0	0	0	0	0	0
Mahou Shoujo Madoka Magica Movie 3: Hangyaku no Monogatari	0	0	1	0	1	1	0	1	0	0	0	0	0	0	0	0
Nichijou	0	0	1	0	1	0	1	0	0	0	1	0	0	0	0	0
Ouran Koukou Host Club	0	0	1	0	0	0	1	0	0	1	0	0	0	0	1	0
Promare	0	0	1	1	0	0	1	0	0	1	0	0	0	0	0	0
Shiguang Dailiren Fan Wai Pian: Biwu Zhaoqin	0	0	1	0	0	1	0	0	1	0	0	1	0	0	0	0
Tonari no Totoro	0	0	1	0	0	0	0	0	1	0	1	1	0	0	0	0
Yuri!!! on Ice	0	0	1	0	0	1	0	0	1	1	0	0	0	0	0	0
Zero no Tsukaima: Futatsuki no Kishi	0	0	1	0	0	0	0	1	0	0	0	1	0	0	0	1
Zero no Tsukaima: Princesses no Rondo	0	0	1	0	0	0	0	1	0	0	0	1	0	0	0	1
Akagami no Shirayuki-hime	0	0	0	1	0	0	0	1	1	0	0	0	0	0	1	0
Fruits Basket 1st Season	0	0	0	1	0	0	0	0	0	0	1	1	0	0	1	0
Hibike! Euphonium 2	0	0	0	1	1	1	1	0	0	0	0	0	0	0	0	0
K-On! Movie	0	0	0	1	1	1	1	0	0	0	0	0	0	0	0	0
K-On!!	0	0	0	1	1	1	1	0	0	0	0	0	0	0	0	0
Karakai Jouzu no Takagi-san	0	0	0	1	0	0	1	0	0	0	1	1	0	0	0	0
Tsurezure Children	0	0	0	1	0	0	1	1	0	0	0	1	0	0	0	0
Yuru Camp  Season 2	0	0	0	1	1	0	1	0	0	0	1	0	0	0	0	0
Danganronpa: Kibou no Gakuen to Zetsubou no Koukousei The Animation	0	0	0	0	0	1	0	1	0	1	0	0	0	0	0	1
School Days	0	0	0	0	0	1	0	1	0	1	0	0	0	0	0	1
ReLIFE	0	0	0	0	0	0	0	1	0	0	1	0	0	0	1	1
Akebi-chan no Sailor-fuku	1	0	0	0	1	0	1	0	0	0	0	0	0	0	0	0
Ao no Exorcist	1	1	0	0	0	0	0	0	0	0	0	0	0	0	0	1
Assassins Pride	1	1	0	0	0	0	0	0	0	0	0	0	1	0	0	0
Boku wa Tomodachi ga Sukunai	1	0	0	0	0	0	1	0	0	0	0	1	0	0	0	0
Bokutachi no Remake	1	0	0	0	0	0	1	1	0	0	0	0	0	0	0	0
Bokutachi wa Benkyou ga Dekinai	1	0	0	0	0	0	0	0	0	0	1	1	0	0	0	0
Citrus	1	0	0	1	0	0	0	0	0	0	0	0	0	0	1	0
Dakara Boku wa, H ga Dekinai.	1	0	0	0	0	0	0	1	0	0	0	0	0	0	1	0
Date A Live II	1	0	0	0	0	0	0	0	0	0	0	0	0	0	1	1
Eromanga-sensei	1	0	0	0	0	0	1	0	0	0	0	1	0	0	0	0
Evangelion: 1.0 You Are (Not) Alone	1	0	0	0	0	0	1	0	0	0	0	0	0	0	0	1
Fate/stay night	1	0	0	0	0	0	0	1	0	0	0	0	0	0	0	1
Fate/stay night Movie: Heaven's Feel - I. Presage Flower	1	1	0	1	0	0	0	0	0	0	0	0	0	0	0	0
Guilty Crown	1	0	0	0	0	0	0	0	0	0	0	0	0	0	1	1
Hige wo Soru. Soshite Joshikousei wo Hirou.	1	0	0	1	0	0	1	0	0	0	0	0	0	0	0	0
Highschool of the Dead	1	0	0	0	0	0	0	1	0	0	0	0	0	0	0	1
Hunter x Hunter	1	0	0	0	0	0	0	0	0	0	0	0	0	0	1	1
IS: Infinite Stratos	1	0	0	0	0	0	0	1	0	0	0	0	0	0	1	0
Isekai Maou to Shoukan Shoujo no Dorei Majutsu	1	0	0	0	0	0	1	0	0	0	0	0	0	0	1	0
Isekai Shokudou	1	0	0	0	0	0	1	0	0	0	1	0	0	0	0	0
Isekai wa Smartphone to Tomo ni.	1	0	0	0	0	0	1	0	0	0	0	0	0	0	1	0
Jaku-Chara Tomozaki-kun	1	0	0	0	0	0	1	0	0	0	0	0	1	0	0	0
Kami nomi zo Shiru Sekai: Tenri-hen	1	0	0	0	0	0	0	1	0	0	0	0	0	0	0	1
Kore wa Zombie Desu ka?	1	0	0	0	0	0	0	1	0	0	0	0	0	0	0	1
Kore wa Zombie Desu ka? of the Dead	1	0	0	0	0	0	0	1	0	0	0	0	0	0	0	1
Mahouka Koukou no Rettousei	1	0	0	0	0	0	0	0	0	0	0	0	0	1	1	0
Saihate no Paladin	1	1	0	0	0	0	1	0	0	0	0	0	0	0	0	0
Saiki Kusuo no  -nan 2	1	0	0	0	0	0	1	0	0	1	0	0	0	0	0	0
Seto no Hanayome	1	0	1	0	0	0	0	0	0	0	0	0	0	0	0	1
Shokugeki no Souma: Ni no Sara	1	0	0	1	0	0	0	0	0	0	0	1	0	0	0	0
Strike the Blood	1	0	0	0	0	0	0	1	0	0	0	0	0	0	1	0
Tatoeba Last Dungeon Mae no Mura no Shounen ga Joban no Machi de Kurasu Youna Monogatari	1	1	0	0	0	0	1	0	0	0	0	0	0	0	0	0
Tokyo Revengers	1	1	0	0	0	0	0	0	0	0	0	0	0	0	0	1
Arifureta Shokugyou de Sekai Saikyou	0	1	0	0	0	0	1	0	0	0	0	0	0	0	1	0
BNA	0	1	0	0	0	1	0	0	0	0	0	0	1	0	0	0
Boku no Hero Academia the Movie 1: Futari no Hero	0	1	0	1	0	0	0	0	0	0	1	0	0	0	0	0
Boku no Hero Academia the Movie 2: Heroes:Rising	0	1	0	0	1	0	0	0	0	0	1	0	0	0	0	0
Cike Wu Liuqi	0	1	0	0	0	0	0	0	0	0	1	1	0	0	0	0
Deca-Dence	0	1	0	0	0	0	0	0	0	0	0	0	1	0	0	1
Fairy Tail (2014)	0	1	0	0	0	0	0	0	0	1	0	0	0	0	0	1
Gleipnir	0	1	0	0	0	0	0	0	0	0	0	0	1	0	0	1
Id:Invaded	0	1	0	0	0	0	0	0	0	0	0	0	1	0	0	1
Josee to Tora to Sakana-tachi	0	1	1	0	0	0	0	0	0	0	1	0	0	0	0	0
Kekkai Sensen & Beyond	0	1	0	0	0	0	0	0	0	1	0	0	0	0	0	1
Kuroshitsuji	0	1	0	0	0	0	0	0	0	1	0	0	0	0	1	0
Kyousou Giga (TV)	0	1	0	0	0	0	1	0	0	1	0	0	0	0	0	0
Magi: Sinbad no Bouken (TV)	0	1	0	0	0	0	0	1	0	0	0	0	0	0	0	1
Magi: The Kingdom of Magic	0	1	0	0	0	0	0	1	0	0	0	0	0	0	0	1
Mieruko-chan	0	1	0	1	0	0	1	0	0	0	0	0	0	0	0	0
Mononoke Hime	0	1	1	0	0	0	0	0	0	0	0	1	0	0	0	0
Nagi no Asu kara	0	1	1	0	0	0	0	0	0	0	0	0	0	0	1	0
Nanatsu no Taizai	0	1	0	0	0	0	0	0	0	0	0	1	0	0	0	1
Nanatsu no Taizai: Imashime no Fukkatsu	0	1	0	0	0	0	0	0	0	0	0	1	0	0	0	1
Sayonara no Asa ni Yakusoku no Hana wo Kazarou	0	1	0	0	0	0	0	0	0	0	1	0	0	0	1	0
Shadows House	0	1	0	0	0	0	1	0	1	0	0	0	0	0	0	0
Summer Wars	0	1	1	0	0	0	0	1	0	0	0	0	0	0	0	0
Sword Art Online: Alicization - War of Underworld 2nd Season	0	1	0	0	0	0	0	0	0	0	0	0	1	0	0	1
Tsuki ga Michibiku Isekai Douchuu	0	1	0	0	0	0	1	1	0	0	0	0	0	0	0	0
Uzaki-chan wa Asobitai!	0	1	0	0	0	0	1	0	0	0	0	0	0	0	0	1
Zankyou no Terror	0	1	0	0	0	0	0	0	1	0	0	0	0	0	0	1
Zetsuen no Tempest	0	1	0	0	0	0	0	1	0	0	0	0	0	0	0	1
Aggressive Retsuko (ONA)	0	0	1	0	0	0	0	0	0	0	1	1	0	0	0	0
Amagi Brilliant Park	0	0	1	0	0	1	1	0	0	0	0	0	0	0	0	0
Haibane Renmei	0	0	1	0	1	0	0	0	0	0	0	0	0	0	0	1
Hourou Musuko	0	0	1	0	0	1	1	0	0	0	0	0	0	0	0	0
Koukaku Kidoutai	0	0	1	0	0	1	0	0	0	0	0	0	0	0	0	1
Megalo Box	0	0	1	0	0	0	0	0	0	0	1	0	1	0	0	0
Mikakunin de Shinkoukei	0	0	1	0	0	0	1	0	0	0	0	0	0	0	0	1
Pokemon	0	0	1	0	0	0	0	1	0	0	0	1	0	0	0	0
Pokemon Movie 01: Mewtwo no Gyakushuu	0	0	1	0	0	0	0	1	0	0	0	1	0	0	0	0
Pokemon Movie 03: Kesshoutou no Teiou Entei	0	0	1	0	0	0	0	1	0	0	0	1	0	0	0	0
Saiki Kusuo no  -nan	0	0	1	0	0	0	1	0	0	1	0	0	0	0	0	0
Zero no Tsukaima F	0	0	1	0	0	0	0	1	0	0	0	0	0	0	0	1
Chuunibyou demo Koi ga Shitai! Movie: Take On Me	0	0	0	1	0	0	1	0	0	0	1	0	0	0	0	0
Fruits Basket 2nd Season	0	0	0	1	0	0	0	0	0	0	1	0	0	0	1	0
Fruits Basket: The Final	0	0	0	1	0	0	0	0	0	0	1	0	0	0	1	0
Gamers!	0	0	0	1	1	0	0	0	0	0	0	0	0	0	1	0
Kaguya-sama wa Kokurasetai: Tensai-tachi no Renai Zunousen OVA	0	0	0	1	1	0	0	0	0	0	0	1	0	0	0	0
Koi wa Ameagari no You ni	0	0	0	1	0	0	1	0	0	0	0	0	0	0	1	0
Kono Subarashii Sekai ni Shukufuku wo!: Kono Subarashii Choker ni Shukufuku wo!	0	0	0	1	0	0	1	0	0	0	0	1	0	0	0	0
Net-juu no Susume	0	0	0	1	0	0	1	1	0	0	0	0	0	0	0	0
New Game!	0	0	0	1	0	0	1	0	0	0	0	1	0	0	0	0
New Game!!	0	0	0	1	0	0	1	0	0	0	0	1	0	0	0	0
Non Non Biyori	0	0	0	1	1	0	1	0	0	0	0	0	0	0	0	0
Non Non Biyori Nonstop	0	0	0	1	1	0	1	0	0	0	0	0	0	0	0	0
Non Non Biyori Repeat	0	0	0	1	1	0	1	0	0	0	0	0	0	0	0	0
Sword Art Online Movie: Ordinal Scale	0	0	0	1	0	0	0	1	0	1	0	0	0	0	0	0
Baccano!	0	0	0	0	1	0	0	0	0	0	0	0	1	0	0	1
Liz to Aoi Tori	0	0	0	0	1	1	1	0	0	0	0	0	0	0	0	0
Bungou Stray Dogs: Dead Apple	0	0	0	0	0	1	0	0	1	1	0	0	0	0	0	0
Hidan no Aria	0	0	0	0	0	1	0	1	0	0	0	0	0	0	0	1
Higurashi no Naku Koro ni Kai	0	0	0	0	0	1	0	0	0	0	0	1	0	0	0	1
Higurashi no Naku Koro ni Rei	0	0	0	0	0	1	0	0	0	0	0	1	0	0	0	1
Komi-san wa, Comyushou desu.	0	0	0	0	0	1	0	0	0	0	1	0	0	0	1	0
Quanzhi Gaoshou	0	0	0	0	0	1	0	0	1	0	0	0	0	1	0	0
Grand Blue	0	0	0	0	0	0	1	0	0	0	0	1	0	0	0	1
Kanata no Astra	0	0	0	0	0	0	1	0	0	0	1	0	0	0	0	1
Karakai Jouzu no Takagi-san 2	0	0	0	0	0	0	1	0	0	0	1	1	0	0	0	0
Date A Live: Date to Date	0	0	0	0	0	0	0	1	0	0	0	0	0	0	1	1
Dragon Ball GT	0	0	0	0	0	0	0	1	0	0	0	1	0	0	0	1
Grancrest Senki	0	0	0	0	0	0	0	1	0	0	0	0	0	0	1	1
Mayo Chiki!	0	0	0	0	0	0	0	1	0	0	0	0	0	0	1	1
Yuukoku no Moriarty	0	0	0	0	0	0	0	0	1	0	0	1	1	0	0	0
Beastars 2nd Season	0	0	0	0	0	0	0	0	0	0	1	1	1	0	0	0
Kenja no Mago	0	0	0	0	0	0	0	0	0	0	1	0	1	0	1	0
Yakusoku no Neverland 2nd Season	0	0	0	0	0	0	0	0	0	0	1	0	1	0	0	1
Haikyuu!! To the Top	0	0	0	0	0	0	0	0	0	0	0	1	1	0	1	0
Kamisama ni Natta Hi	0	0	0	0	0	0	0	0	0	0	0	1	1	0	0	1
Absolute Duo	1	0	0	0	0	0	0	0	0	0	0	0	0	0	1	0
Accel World	1	0	0	0	0	1	0	0	0	0	0	0	0	0	0	0
Araburu Kisetsu no Otome-domo yo.	1	0	0	0	0	0	0	0	0	0	0	0	1	0	0	0
Banana Fish	1	0	0	0	0	0	0	0	0	0	0	0	0	0	0	1
Black Clover	1	0	0	0	0	0	0	0	0	0	0	0	0	0	0	1
Boku wa Tomodachi ga Sukunai Next	1	0	0	0	0	0	0	0	0	0	0	1	0	0	0	0
Bokutachi wa Benkyou ga Dekinai!	1	0	0	0	0	0	0	0	0	0	0	1	0	0	0	0
Busou Shoujo Machiavellianism	1	0	0	0	0	0	0	0	0	0	0	0	0	0	1	0
Danganronpa 3: The End of Kibougamine Gakuen - Zetsubou-hen	1	0	0	0	0	0	0	0	0	1	0	0	0	0	0	0
Date A Live II: Kurumi Star Festival	1	0	0	0	0	0	0	0	0	0	0	0	0	0	1	0
Date A Live III	1	0	0	0	0	0	0	0	0	0	0	0	0	0	0	1
Fate/stay night Movie: Heaven's Feel - II. Lost Butterfly	1	1	0	0	0	0	0	0	0	0	0	0	0	0	0	0
Fate/stay night Movie: Heaven's Feel - III. Spring Song	1	1	0	0	0	0	0	0	0	0	0	0	0	0	0	0
Fate/stay night Movie: Unlimited Blade Works	1	0	0	0	0	0	0	1	0	0	0	0	0	0	0	0
Fumetsu no Anata e	1	1	0	0	0	0	0	0	0	0	0	0	0	0	0	0
Genjitsu Shugi Yuusha no Oukoku Saikenki	1	0	0	0	0	0	1	0	0	0	0	0	0	0	0	0
Genjitsu Shugi Yuusha no Oukoku Saikenki Part 2	1	0	0	0	0	0	1	0	0	0	0	0	0	0	0	0
Grisaia no Kajitsu	1	0	0	0	0	0	0	0	0	0	0	0	0	1	0	0
Hagure Yuusha no Aesthetica	1	0	0	0	0	0	0	0	0	0	0	0	0	0	1	0
Hai to Gensou no Grimgar	1	0	0	0	0	0	0	1	0	0	0	0	0	0	0	0
High School DxD BorN	1	0	0	0	0	0	0	0	0	0	0	0	0	0	0	1
High School DxD Hero	1	0	0	0	0	0	0	0	0	0	0	0	0	0	0	1
High School DxD New	1	0	0	0	0	0	0	0	0	0	0	0	0	0	0	1
High School DxD Specials	1	0	0	0	0	0	0	0	0	0	0	1	0	0	0	0
Ichiban Ushiro no Daimaou	1	0	0	0	0	0	0	1	0	0	0	0	0	0	0	0
Ijiranaide, Nagatoro-san	1	0	0	0	0	0	0	0	0	0	0	1	0	0	0	0
Isekai Maou to Shoukan Shoujo no Dorei Majutsu  	1	0	0	0	0	0	1	0	0	0	0	0	0	0	0	0
Isekai no Seikishi Monogatari	1	0	0	0	0	0	0	0	0	0	0	0	0	0	0	1
Katanagatari	1	0	0	0	0	0	0	0	0	0	0	0	0	0	0	1
Kaze no Stigma	1	0	0	0	0	0	0	0	0	0	0	0	0	0	0	1
Kokoro Connect: Michi Random	1	0	1	0	0	0	0	0	0	0	0	0	0	0	0	0
Kumo Desu ga, Nani ka?	1	1	0	0	0	0	0	0	0	0	0	0	0	0	0	0
Log Horizon 2nd Season	1	1	0	0	0	0	0	0	0	0	0	0	0	0	0	0
Madan no Ou to Vanadis	1	0	0	0	0	0	0	1	0	0	0	0	0	0	0	0
Mashiro-iro Symphony: The Color of Lovers	1	0	0	0	0	0	0	1	0	0	0	0	0	0	0	0
Mo Dao Zu Shi	1	0	0	0	0	0	0	0	0	0	0	0	0	0	0	1
Mo Dao Zu Shi: Xian Yun Pian	1	0	0	0	0	0	0	0	0	0	0	0	0	0	0	1
Mondaiji-tachi ga Isekai kara Kuru Sou Desu yo?	1	0	0	0	0	0	0	1	0	0	0	0	0	0	0	0
Motto To LOVE-Ru	1	0	0	0	0	0	0	0	0	0	0	0	0	0	0	1
One Piece Film: Z	1	0	1	0	0	0	0	0	0	0	0	0	0	0	0	0
One Piece Movie 14: Stampede	1	0	1	0	0	0	0	0	0	0	0	0	0	0	0	0
Ore no Nounai Sentakushi ga, Gakuen Love Comedy wo Zenryoku de Jama Shiteiru	1	0	0	0	0	0	0	1	0	0	0	0	0	0	0	0
Prison School	1	0	0	0	0	0	0	0	0	0	0	0	0	0	0	1
Rikei ga Koi ni Ochita no de Shoumei shitemita.	1	0	0	0	0	0	1	0	0	0	0	0	0	0	0	0
Rosario to Vampire	1	0	0	0	0	0	0	0	0	0	0	0	0	0	1	0
Rosario to Vampire Capu2	1	0	0	0	0	0	0	0	0	0	0	0	0	0	1	0
Sabikui Bisco	1	1	0	0	0	0	0	0	0	0	0	0	0	0	0	0
Sayonara Zetsubou Sensei	1	1	0	0	0	0	0	0	0	0	0	0	0	0	0	0
Shijou Saikyou no Deshi Kenichi	1	0	0	0	0	0	0	1	0	0	0	0	0	0	0	0
Shijou Saikyou no Deshi Kenichi OVA	1	0	0	0	0	0	0	1	0	0	0	0	0	0	0	0
Shimoneta to Iu Gainen ga Sonzai Shinai Taikutsu na Sekai	1	0	0	0	0	0	0	0	0	0	0	0	0	0	1	0
Shinsekai yori	1	0	0	0	0	0	0	0	0	0	0	1	0	0	0	0
Shuumatsu Nani Shitemasu ka? Isogashii Desu ka? Sukutte Moratte Ii Desu ka?	1	0	0	0	0	0	1	0	0	0	0	0	0	0	0	0
Steins;Gate: Soumei Eichi no Cognitive Computing	1	0	0	0	0	0	0	0	0	0	0	0	0	0	0	1
Tasogare Otome x Amnesia	1	0	0	0	0	0	0	0	0	0	0	0	0	0	0	1
The Last: Naruto the Movie	1	0	0	0	0	0	0	1	0	0	0	0	0	0	0	0
To LOVE-Ru	1	0	0	0	0	0	0	0	0	0	0	0	0	0	0	1
To LOVE-Ru Darkness	1	0	0	0	0	0	0	0	0	0	0	0	0	0	0	1
To LOVE-Ru Darkness 2nd	1	0	0	0	0	0	0	0	0	0	0	0	0	0	0	1
To LOVE-Ru Darkness 2nd Specials	1	0	0	0	0	0	0	0	0	0	0	0	0	0	0	1
To LOVE-Ru OVA	1	0	0	0	0	0	0	0	0	0	0	0	0	0	0	1
Toaru Kagaku no Railgun	1	0	0	0	0	0	0	0	0	0	0	0	0	0	1	0
Toaru Kagaku no Railgun S	1	0	0	0	0	0	0	0	0	0	0	0	0	0	1	0
Toaru Majutsu no Index II	1	1	0	0	0	0	0	0	0	0	0	0	0	0	0	0
Watashi, Nouryoku wa Heikinchi de tte Itta yo ne!	1	0	0	0	0	0	1	0	0	0	0	0	0	0	0	0
Ajin	0	1	0	0	0	0	0	0	0	0	0	0	0	0	0	1
Ao no Exorcist: Kyoto Fujouou-hen	0	1	0	0	0	0	0	0	0	0	0	0	0	0	0	1
Appare-Ranman!	0	1	0	0	0	0	0	0	0	0	0	0	1	0	0	0
Boku no Hero Academia 5th Season	0	1	0	0	0	0	0	0	0	0	0	1	0	0	0	0
Btooom!	0	1	0	0	0	0	0	0	0	0	0	0	0	0	0	1
Deadman Wonderland	0	1	0	0	0	0	0	0	0	0	0	0	0	0	0	1
Devilman: Crybaby	0	1	0	0	0	0	0	0	0	0	0	0	0	0	0	1
Dororo	0	1	0	0	0	0	0	0	0	0	0	0	0	0	0	1
Elfen Lied	0	1	0	0	0	0	0	0	0	0	0	0	0	0	0	1
Fugou Keiji: Balance:Unlimited	0	1	0	0	0	0	0	0	1	0	0	0	0	0	0	0
Honzuki no Gekokujou: Shisho ni Naru Tame ni wa Shudan wo Erandeiraremasen	0	1	0	0	0	0	0	0	0	0	1	0	0	0	0	0
Inuyashiki	0	1	0	0	0	0	0	0	0	0	0	0	0	0	0	1
Koutetsujou no Kabaneri	0	1	0	0	0	0	0	0	0	0	0	0	0	0	0	1
Kyokou Suiri	0	1	0	0	0	0	0	0	0	0	0	0	0	0	0	1
Leadale no Daichi nite	0	1	0	0	0	0	1	0	0	0	0	0	0	0	0	0
Murenase! Seton Gakuen	0	1	0	0	0	0	1	0	0	0	0	0	0	0	0	0
Nakitai Watashi wa Neko wo Kaburu	0	1	0	0	0	1	0	0	0	0	0	0	0	0	0	0
Nanatsu no Taizai: Seisen no Shirushi	0	1	0	0	0	0	0	0	0	0	0	1	0	0	0	0
Paprika	0	1	0	0	0	0	0	0	0	0	0	0	0	0	0	1
Psycho-Pass 2	0	1	0	0	0	0	0	0	0	0	0	0	0	0	0	1
Samurai Champloo	0	1	1	0	0	0	0	0	0	0	0	0	0	0	0	0
Seirei Gensouki	0	1	0	0	0	0	1	0	0	0	0	0	0	0	0	0
Sekai Saikou no Ansatsusha, Isekai Kizoku ni Tensei suru	0	1	0	0	0	0	1	0	0	0	0	0	0	0	0	0
Sentouin, Hakenshimasu!	0	1	0	0	0	0	1	0	0	0	0	0	0	0	0	0
Shin no Nakama ja Nai to Yuusha no Party wo Oidasareta node, Henkyou de Slow Life suru Koto ni Shimashita	0	1	0	0	0	0	1	0	0	0	0	0	0	0	0	0
Shinka no Mi: Shiranai Uchi ni Kachigumi Jinsei	0	1	0	0	0	0	1	0	0	0	0	0	0	0	0	0
Somali to Mori no Kamisama	0	1	0	0	0	0	0	0	0	0	1	0	0	0	0	0
Sousei no Onmyouji	0	1	0	0	0	0	0	0	0	0	0	0	0	0	0	1
Takt Op. Destiny	0	1	0	0	0	0	0	0	0	0	0	0	1	0	0	0
Tonikaku Kawaii: SNS	0	1	0	0	0	0	1	0	0	0	0	0	0	0	0	0
Vanitas no Karte Part 2	0	1	0	0	0	0	1	0	0	0	0	0	0	0	0	0
Wu Liuqi Zhi Zui Qiang Fa Xing Shi	0	1	0	0	0	0	0	0	0	0	0	1	0	0	0	0
Xian Wang de Richang Shenghuo	0	1	0	0	0	0	0	0	0	0	0	0	0	0	0	1
Yesterday wo Utatte	0	1	0	0	0	0	0	0	0	0	0	0	1	0	0	0
Acchi Kocchi	0	0	1	0	0	0	0	0	0	0	0	0	0	0	1	0
Aggressive Retsuko (ONA) 2nd Season	0	0	1	0	0	0	0	0	0	0	1	0	0	0	0	0
Bakugan Battle Brawlers	0	0	1	0	0	0	0	1	0	0	0	0	0	0	0	0
Bakuman.	0	0	1	0	0	0	0	0	0	0	0	0	0	0	0	1
Barakamon	0	0	1	0	0	0	1	0	0	0	0	0	0	0	0	0
Dragon Ball Z Movie 08: Moetsukiro!! Nessen, Ressen, Chougekisen	0	0	1	0	0	0	0	0	0	0	0	1	0	0	0	0
Flip Flappers	0	0	1	0	1	0	0	0	0	0	0	0	0	0	0	0
Ganbare Douki-chan	0	0	1	0	0	0	1	0	0	0	0	0	0	0	0	0
Hametsu no Mars	0	0	1	0	0	0	0	1	0	0	0	0	0	0	0	0
Hanasaku Iroha	0	0	1	1	0	0	0	0	0	0	0	0	0	0	0	0
Kuroko no Basket	0	0	1	0	0	0	0	0	1	0	0	0	0	0	0	0
Kuroko no Basket 2nd Season	0	0	1	0	0	0	0	0	1	0	0	0	0	0	0	0
Kuroko no Basket 3rd Season	0	0	1	0	0	0	0	0	1	0	0	0	0	0	0	0
Kuroko no Basket Movie 4: Last Game	0	0	1	0	0	0	0	0	1	0	0	0	0	0	0	0
Magia Record: Mahou Shoujo Madoka Magica Gaiden (TV)	0	0	1	0	0	1	0	0	0	0	0	0	0	0	0	0
Mahou Shoujo Madoka Magica Movie 1: Hajimari no Monogatari	0	0	1	0	0	1	0	0	0	0	0	0	0	0	0	0
Mahou Shoujo Madoka Magica Movie 2: Eien no Monogatari	0	0	1	0	0	1	0	0	0	0	0	0	0	0	0	0
Metal Fight Beyblade	0	0	1	0	1	0	0	0	0	0	0	0	0	0	0	0
Metal Fight Beyblade: Baku	0	0	1	0	1	0	0	0	0	0	0	0	0	0	0	0
Musaigen no Phantom World	0	0	1	0	0	0	1	0	0	0	0	0	0	0	0	0
Naruto Movie 1: Dai Katsugeki!! Yuki Hime Shinobu Houjou Dattebayo!	0	0	1	0	0	0	0	1	0	0	0	0	0	0	0	0
Naruto Movie 3: Dai Koufun! Mikazuki Jima no Animaru Panikku Dattebayo!	0	0	1	0	0	0	0	1	0	0	0	0	0	0	0	0
One Outs	0	0	1	0	0	0	0	0	0	0	0	1	0	0	0	0
Panty & Stocking with Garterbelt	0	0	1	0	0	0	0	0	0	1	0	0	0	0	0	0
Pokemon Movie 05: Mizu no Miyako no Mamorigami Latias to Latios	0	0	1	0	0	0	0	0	0	0	0	1	0	0	0	0
Pokemon Movie 06: Nanayo no Negaiboshi Jirachi	0	0	1	0	0	0	0	0	0	0	0	1	0	0	0	0
Pokemon Movie 07: Rekkuu no Houmonsha Deoxys	0	0	1	0	0	0	0	0	0	0	0	1	0	0	0	0
Pokemon Movie 08: Mew to Hadou no Yuusha Lucario	0	0	1	0	0	0	0	0	0	0	0	1	0	0	0	0
Pokemon Movie 09: Pokemon Ranger to Umi no Ouji Manaphy	0	0	1	0	0	0	0	0	0	0	0	1	0	0	0	0
Promare: Galo-hen	0	0	1	0	0	0	0	0	0	1	0	0	0	0	0	0
Promare: Lio-hen	0	0	1	0	0	0	0	0	0	1	0	0	0	0	0	0
Redline	0	0	1	0	0	0	1	0	0	0	0	0	0	0	0	0
Senpai ga Uzai Kouhai no Hanashi	0	0	1	0	0	0	1	0	0	0	0	0	0	0	0	0
The iDOLM@STER	0	0	1	1	0	0	0	0	0	0	0	0	0	0	0	0
Uchuu Patrol Luluco	0	0	1	0	0	0	0	0	0	1	0	0	0	0	0	0
Usagi Drop	0	0	1	0	0	0	1	0	0	0	0	0	0	0	0	0
Yahari Ore no Seishun Love Comedy wa Machigatteiru. Zoku OVA	0	0	1	0	0	0	0	0	0	0	0	1	0	0	0	0
Akatsuki no Yona	0	0	0	1	0	0	0	0	0	0	0	0	0	0	0	1
Dragon Ball Super	0	0	0	1	0	0	0	0	0	0	0	0	0	0	0	1
Gintama	0	0	0	1	0	0	0	0	0	0	0	0	0	0	0	1
Gintama'	0	0	0	1	0	0	0	0	0	0	0	0	0	0	0	1
Gintama': Enchousen	0	0	0	1	0	0	0	0	0	0	0	0	0	0	0	1
Gintama.	0	0	0	1	0	0	0	0	0	0	0	0	0	0	0	1
Gintama.: Porori-hen	0	0	0	1	0	0	0	0	0	0	0	0	0	0	0	1
Gintama.: Shirogane no Tamashii-hen	0	0	0	1	0	0	0	0	0	0	0	0	0	0	0	1
Gintama.: Shirogane no Tamashii-hen - Kouhan-sen	0	0	0	1	0	0	0	0	0	0	0	0	0	0	0	1
Gintama°	0	0	0	1	0	0	0	0	0	0	0	0	0	0	0	1
Hotaru no Haka	0	0	0	1	0	0	0	0	0	0	1	0	0	0	0	0
Irozuku Sekai no Ashita kara	0	0	0	1	0	0	0	0	0	0	0	0	0	0	1	0
Kamisama Hajimemashita	0	0	0	1	0	0	0	0	0	0	0	1	0	0	0	0
Kimi ni Todoke	0	0	0	1	0	0	0	0	0	0	0	0	0	0	1	0
Love Live! Nijigasaki Gakuen School Idol Doukoukai	0	0	0	1	0	1	0	0	0	0	0	0	0	0	0	0
Lovely Complex	0	0	0	1	0	0	0	0	0	0	0	0	0	0	0	1
Mitsuboshi Colors	0	0	0	1	0	0	1	0	0	0	0	0	0	0	0	0
Net-juu no Susume Special	0	0	0	1	0	0	1	0	0	0	0	0	0	0	0	0
NHK ni Youkoso!	0	0	0	1	0	0	0	0	0	0	0	0	0	0	0	1
Non Non Biyori Movie: Vacation	0	0	0	1	0	0	1	0	0	0	0	0	0	0	0	0
Ore Monogatari!!	0	0	0	1	0	0	1	0	0	0	0	0	0	0	0	0
Tonari no Kaibutsu-kun	0	0	0	1	0	0	0	0	0	1	0	0	0	0	0	0
Tsuki ga Kirei	0	0	0	1	0	0	0	0	0	0	0	0	0	1	0	0
Chihayafuru	0	0	0	0	1	0	0	0	0	0	0	1	0	0	0	0
Heike Monogatari	0	0	0	0	1	0	1	0	0	0	0	0	0	0	0	0
Kobayashi-san Chi no Maid Dragon S: Nippon no Omotenashi - Attend wa Dragon Desu	0	0	0	0	1	0	1	0	0	0	0	0	0	0	0	0
Monster	0	0	0	0	1	0	0	0	0	0	0	1	0	0	0	0
Princess Connect! Re:Dive Season 2	0	0	0	0	1	0	1	0	0	0	0	0	0	0	0	0
Tamako Love Story	0	0	0	0	1	0	0	0	0	0	1	0	0	0	0	0
Tamako Market	0	0	0	0	1	0	0	0	0	0	1	0	0	0	0	0
Aoi Bungaku Series	0	0	0	0	0	1	0	0	0	0	0	0	0	0	0	1
Bungou Stray Dogs: Hitori Ayumu	0	0	0	0	0	1	0	0	0	1	0	0	0	0	0	0
Gakkougurashi!	0	0	0	0	0	1	1	0	0	0	0	0	0	0	0	0
Higurashi no Naku Koro ni Gou	0	0	0	0	0	1	0	0	0	0	0	1	0	0	0	0
Kaifuku Jutsushi no Yarinaoshi	0	0	0	0	0	1	0	0	0	0	0	0	0	0	0	1
Kimetsu no Yaiba: Mugen Ressha-hen	0	0	0	0	0	1	0	0	0	0	0	0	0	0	1	0
Koi to Producer: EVOL×LOVE	0	0	0	0	0	1	0	0	0	0	0	0	0	0	0	1
Mekakucity Actors	0	0	0	0	0	1	0	0	0	1	0	0	0	0	0	0
Osake wa Fuufu ni Natte kara	0	0	0	0	0	1	0	0	0	0	0	0	0	0	1	0
Pandora Hearts	0	0	0	0	0	1	0	0	0	0	0	0	0	0	1	0
Rozen Maiden	0	0	0	0	0	1	0	0	0	0	0	0	0	0	0	1
Rozen Maiden: Träumend	0	0	0	0	0	1	0	0	0	0	0	0	0	0	0	1
Yosuga no Sora: In Solitude, Where We Are Least Alone.	0	0	0	0	0	1	0	1	0	0	0	0	0	0	0	0
Aho Girl	0	0	0	0	0	0	1	0	0	0	0	0	0	0	0	1
Angel Beats! Specials	0	0	0	0	0	0	1	0	0	1	0	0	0	0	0	0
Angel Beats!: Another Epilogue	0	0	0	0	0	0	1	0	0	1	0	0	0	0	0	0
Asobi Asobase	0	0	0	0	0	0	1	0	0	0	0	1	0	0	0	0
Evangelion: 2.0 You Can (Not) Advance	0	0	0	0	0	0	1	0	0	0	0	0	0	0	0	1
Evangelion: 3.0 You Can (Not) Redo	0	0	0	0	0	0	1	0	0	0	0	0	0	0	0	1
Evangelion: 3.0+1.0 Thrice Upon a Time	0	0	0	0	0	0	1	0	0	0	0	0	0	0	0	1
Gabriel DropOut	0	0	0	0	0	0	1	0	0	0	0	1	0	0	0	0
Goblin Slayer: Goblin's Crown	0	0	0	0	0	0	1	0	0	0	1	0	0	0	0	0
Hitoribocchi no Marumaru Seikatsu	0	0	0	0	0	0	1	0	0	0	0	1	0	0	0	0
Imouto sae Ireba Ii.	0	0	0	0	0	0	1	0	0	0	0	0	0	0	1	0
Inou-Battle wa Nichijou-kei no Naka de	0	0	0	0	0	0	1	0	0	0	0	0	0	0	1	0
Kanojo mo Kanojo	0	0	0	0	0	0	1	0	0	0	0	1	0	0	0	0
Karakai Jouzu no Takagi-san 3	0	0	0	0	0	0	1	0	0	0	1	0	0	0	0	0
Mashiro no Oto	0	0	0	0	0	0	1	0	1	0	0	0	0	0	0	0
Re:Zero kara Hajimeru Isekai Seikatsu - Hyouketsu no Kizuna	0	0	0	0	0	0	1	0	0	0	1	0	0	0	0	0
Sewayaki Kitsune no Senko-san	0	0	0	0	0	0	1	0	0	0	1	0	0	0	0	0
Shoujo Shuumatsu Ryokou	0	0	0	0	0	0	1	0	0	0	1	0	0	0	0	0
Tensura Nikki: Tensei shitara Slime Datta Ken	0	0	0	0	0	0	1	0	0	0	1	0	0	0	0	0
Youjo Senki: Sabaku no Pasta Daisakusen	0	0	0	0	0	0	1	0	0	1	0	0	0	0	0	0
Aldnoah.Zero	0	0	0	0	0	0	0	1	0	0	0	0	0	1	0	0
Aldnoah.Zero 2nd Season	0	0	0	0	0	0	0	1	0	0	0	0	0	1	0	0
Baka to Test to Shoukanjuu	0	0	0	0	0	0	0	1	0	0	0	0	0	0	0	1
Baka to Test to Shoukanjuu Ni!	0	0	0	0	0	0	0	1	0	0	0	0	0	0	0	1
Boruto: Naruto the Movie	0	0	0	0	0	0	0	1	0	0	0	0	0	0	0	1
ChäoS;HEAd	0	0	0	0	0	0	0	1	0	0	0	0	0	0	1	0
Dragon Ball	0	0	0	0	0	0	0	1	0	0	0	1	0	0	0	0
Dragon Ball Kai	0	0	0	0	0	0	0	1	0	0	0	0	0	0	0	1
Gosick	0	0	0	0	0	0	0	1	0	0	0	0	0	0	0	1
Kami nomi zo Shiru Sekai: 4-nin to Idol	0	0	0	0	0	0	0	1	0	0	0	0	0	0	0	1
Kore wa Zombie Desu ka? OVA	0	0	0	0	0	0	0	1	0	0	0	0	0	0	0	1
Oda Nobuna no Yabou	0	0	0	0	0	0	0	1	0	0	0	0	0	0	0	1
Outbreak Company	0	0	0	0	0	0	0	1	0	0	0	0	0	0	0	1
Pokemon Movie 02: Maboroshi no Pokemon Lugia Bakutan	0	0	0	0	0	0	0	1	0	0	0	1	0	0	0	0
Pokemon Movie 04: Celebi Toki wo Koeta Deai	0	0	0	0	0	0	0	1	0	0	0	1	0	0	0	0
Pokemon: Mewtwo! Ware wa Koko ni Ari	0	0	0	0	0	0	0	1	0	0	0	1	0	0	0	0
Shingeki no Kyojin: Kuinaki Sentaku	0	0	0	0	0	0	0	1	0	0	0	0	1	0	0	0
Shokugeki no Souma OVA	0	0	0	0	0	0	0	1	0	0	0	1	0	0	0	0
Shokugeki no Souma: Ni no Sara OVA	0	0	0	0	0	0	0	1	0	0	0	1	0	0	0	0
Sora no Otoshimono	0	0	0	0	0	0	0	1	0	0	0	0	0	0	0	1
Sora no Otoshimono: Forte	0	0	0	0	0	0	0	1	0	0	0	0	0	0	0	1
Sora no Otoshimono: Project Pink	0	0	0	0	0	0	0	1	0	0	0	0	0	0	0	1
White Album 2	0	0	0	0	0	0	0	1	0	0	0	0	0	1	0	0
Death Billiards	0	0	0	0	0	0	0	0	1	1	0	0	0	0	0	0
Fairy Tail x Rave	0	0	0	0	0	0	0	0	1	1	0	0	0	0	0	0
Given	0	0	0	0	0	0	0	0	1	1	0	0	0	0	0	0
Hataraku Saibou Black (TV)	0	0	0	0	0	0	0	0	1	1	0	0	0	0	0	0
Hetalia Axis Powers	0	0	0	0	0	0	0	0	1	1	0	0	0	0	0	0
Hetalia Axis Powers Movie: Paint it, White	0	0	0	0	0	0	0	0	1	1	0	0	0	0	0	0
Hetalia World Series	0	0	0	0	0	0	0	0	1	1	0	0	0	0	0	0
Hetalia: The Beautiful World	0	0	0	0	0	0	0	0	1	1	0	0	0	0	0	0
Kuroshitsuji Movie: Book of the Atlantic	0	0	0	0	0	0	0	0	1	1	0	0	0	0	0	0
Prince of Stride: Alternative	0	0	0	0	0	0	0	0	1	1	0	0	0	0	0	0
Quanzhi Fashi	0	0	0	0	0	0	0	0	1	0	0	0	0	1	0	0
Quanzhi Fashi II	0	0	0	0	0	0	0	0	1	0	0	0	0	1	0	0
Quanzhi Gaoshou Specials	0	0	0	0	0	0	0	0	1	0	0	0	0	1	0	0
SK 	0	0	0	0	0	0	0	0	1	0	0	0	1	0	0	0
Tenkuu no Shiro Laputa	0	0	0	0	0	0	0	0	1	0	0	0	0	1	0	0
Boku no Hero Academia 2nd Season: Hero Note	0	0	0	0	0	0	0	0	0	1	0	1	0	0	0	0
Danganronpa 3: The End of Kibougamine Gakuen - Kibou-hen	0	0	0	0	0	0	0	0	0	1	0	0	0	0	0	1
Danganronpa 3: The End of Kibougamine Gakuen - Mirai-hen	0	0	0	0	0	0	0	0	0	1	0	0	0	0	0	1
Sakamoto Desu ga?	0	0	0	0	0	0	0	0	0	1	1	0	0	0	0	0
Soredemo Sekai wa Utsukushii	0	0	0	0	0	0	0	0	0	1	0	0	0	0	0	1
Super Danganronpa 2.5: Komaeda Nagito to Sekai no Hakaimono	0	0	0	0	0	0	0	0	0	1	0	0	0	0	0	1
Golden Kamuy	0	0	0	0	0	0	0	0	0	0	1	1	0	0	0	0
Golden Kamuy 2nd Season	0	0	0	0	0	0	0	0	0	0	1	1	0	0	0	0
Golden Kamuy 3rd Season	0	0	0	0	0	0	0	0	0	0	1	1	0	0	0	0
Nomad: Megalo Box 2	0	0	0	0	0	0	0	0	0	0	1	0	1	0	0	0
Dungeon ni Deai wo Motomeru no wa Machigatteiru Darou ka Gaiden: Sword Oratoria	0	0	0	0	0	0	0	0	0	0	0	1	0	0	0	1
Haikyuu!! Riku vs. Kuu	0	0	0	0	0	0	0	0	0	0	0	1	1	0	0	0
Haikyuu!! To the Top 2nd Season	0	0	0	0	0	0	0	0	0	0	0	1	1	0	0	0
Sword Art Online: Extra Edition	0	0	0	0	0	0	0	0	0	0	0	1	0	0	0	1
Yuukoku no Moriarty 2nd Season	0	0	0	0	0	0	0	0	0	0	0	1	1	0	0	0
Bleach	0	0	0	0	0	0	0	0	0	0	0	0	1	0	0	1
Tokyo Ghoul:re	0	0	0	0	0	0	0	0	0	0	0	0	1	0	0	1
Tokyo Ghoul:re 2nd Season	0	0	0	0	0	0	0	0	0	0	0	0	1	0	0	1
Gakusen Toshi Asterisk	0	0	0	0	0	0	0	0	0	0	0	0	0	0	1	1
ReLIFE: Kanketsu-hen	0	0	0	0	0	0	0	0	0	0	0	0	0	0	1	1
Sankarea	0	0	0	0	0	0	0	0	0	0	0	0	0	0	1	1
Aoi Hana	1	0	0	0	0	0	0	0	0	0	0	0	0	0	0	0
Azur Lane	1	0	0	0	0	0	0	0	0	0	0	0	0	0	0	0
Baccano! Specials	1	0	0	0	0	0	0	0	0	0	0	0	0	0	0	0
Binbougami ga!	1	0	0	0	0	0	0	0	0	0	0	0	0	0	0	0
Busou Renkin	1	0	0	0	0	0	0	0	0	0	0	0	0	0	0	0
Date A Bullet: Dead or Bullet	1	0	0	0	0	0	0	0	0	0	0	0	0	0	0	0
Date A Bullet: Nightmare or Queen	1	0	0	0	0	0	0	0	0	0	0	0	0	0	0	0
Date A Live Movie: Mayuri Judgment	1	0	0	0	0	0	0	0	0	0	0	0	0	0	0	0
ef: A Tale of Memories.	1	0	0	0	0	0	0	0	0	0	0	0	0	0	0	0
Great Teacher Onizuka	1	0	0	0	0	0	0	0	0	0	0	0	0	0	0	0
Grisaia no Meikyuu: Caprice no Mayu 0	1	0	0	0	0	0	0	0	0	0	0	0	0	0	0	0
Grisaia no Meikyuu: Caprice no Mayu 0 - Takizono Basketball Club no Nama Cream Party!	1	0	0	0	0	0	0	0	0	0	0	0	0	0	0	0
Grisaia no Rakuen	1	0	0	0	0	0	0	0	0	0	0	0	0	0	0	0
Hachi-nan tte, Sore wa Nai deshou!	1	0	0	0	0	0	0	0	0	0	0	0	0	0	0	0
Hajimete no Gal	1	0	0	0	0	0	0	0	0	0	0	0	0	0	0	0
Kanon (2006)	1	0	0	0	0	0	0	0	0	0	0	0	0	0	0	0
Kaze no Tani no Nausicaä	1	0	0	0	0	0	0	0	0	0	0	0	0	0	0	0
Kimi ga Nozomu Eien	1	0	0	0	0	0	0	0	0	0	0	0	0	0	0	0
Knight's & Magic	1	0	0	0	0	0	0	0	0	0	0	0	0	0	0	0
Love Hina	1	0	0	0	0	0	0	0	0	0	0	0	0	0	0	0
Love Hina Again	1	0	0	0	0	0	0	0	0	0	0	0	0	0	0	0
Love Hina: Motoko no Sentaku, Koi ka Ken... "Naku na"	1	0	0	0	0	0	0	0	0	0	0	0	0	0	0	0
Maji de Watashi ni Koi Shinasai!	1	0	0	0	0	0	0	0	0	0	0	0	0	0	0	0
Maken-Ki!	1	0	0	0	0	0	0	0	0	0	0	0	0	0	0	0
Nodame Cantabile	1	0	0	0	0	0	0	0	0	0	0	0	0	0	0	0
Nodame Cantabile: Finale	1	0	0	0	0	0	0	0	0	0	0	0	0	0	0	0
Nodame Cantabile: Paris-hen	1	0	0	0	0	0	0	0	0	0	0	0	0	0	0	0
Nyan Koi!	1	0	0	0	0	0	0	0	0	0	0	0	0	0	0	0
One Piece Film: Strong World	1	0	0	0	0	0	0	0	0	0	0	0	0	0	0	0
One Piece Film: Strong World Episode 0	1	0	0	0	0	0	0	0	0	0	0	0	0	0	0	0
Ore ga Ojousama Gakkou ni "Shomin Sample" Toshite Gets Sareta Ken	1	0	0	0	0	0	0	0	0	0	0	0	0	0	0	0
Osananajimi ga Zettai ni Makenai Love Comedy	1	0	0	0	0	0	0	0	0	0	0	0	0	0	0	0
Otome wa Boku ni Koishiteru: Futari no Elder The Animation	1	0	0	0	0	0	0	0	0	0	0	0	0	0	0	0
Prison School: Mad Wax	1	0	0	0	0	0	0	0	0	0	0	0	0	0	0	0
Re:Creators	1	0	0	0	0	0	0	0	0	0	0	0	0	0	0	0
Renai Boukun	1	0	0	0	0	0	0	0	0	0	0	0	0	0	0	0
Saiki Kusuo no  -nan: Kanketsu-hen	1	0	0	0	0	0	0	0	0	0	0	0	0	0	0	0
School Rumble	1	0	0	0	0	0	0	0	0	0	0	0	0	0	0	0
School Rumble Ni Gakki	1	0	0	0	0	0	0	0	0	0	0	0	0	0	0	0
Seitokai no Ichizon	1	0	0	0	0	0	0	0	0	0	0	0	0	0	0	0
Seitokai no Ichizon Lv.2	1	0	0	0	0	0	0	0	0	0	0	0	0	0	0	0
Sekirei	1	0	0	0	0	0	0	0	0	0	0	0	0	0	0	0
Sekirei: Pure Engagement	1	0	0	0	0	0	0	0	0	0	0	0	0	0	0	0
Shakugan no Shana	1	0	0	0	0	0	0	0	0	0	0	0	0	0	0	0
Shakugan no Shana II (Second)	1	0	0	0	0	0	0	0	0	0	0	0	0	0	0	0
Shakugan no Shana III (Final)	1	0	0	0	0	0	0	0	0	0	0	0	0	0	0	0
Shinmai Maou no Testament	1	0	0	0	0	0	0	0	0	0	0	0	0	0	0	0
Shuffle!	1	0	0	0	0	0	0	0	0	0	0	0	0	0	0	0
Strawberry Panic	1	0	0	0	0	0	0	0	0	0	0	0	0	0	0	0
Strike the Blood II	1	0	0	0	0	0	0	0	0	0	0	0	0	0	0	0
Strike the Blood III	1	0	0	0	0	0	0	0	0	0	0	0	0	0	0	0
To LOVE-Ru Darkness 2nd OVA	1	0	0	0	0	0	0	0	0	0	0	0	0	0	0	0
To LOVE-Ru Darkness OVA	1	0	0	0	0	0	0	0	0	0	0	0	0	0	0	0
Toaru Kagaku no Railgun T	1	0	0	0	0	0	0	0	0	0	0	0	0	0	0	0
Uchuu Senkan Yamato 2199	1	0	0	0	0	0	0	0	0	0	0	0	0	0	0	0
Yuragi-sou no Yuuna-san	1	0	0	0	0	0	0	0	0	0	0	0	0	0	0	0
Zoku Sayonara Zetsubou Sensei	1	0	0	0	0	0	0	0	0	0	0	0	0	0	0	0
Ajin 2nd Season	0	1	0	0	0	0	0	0	0	0	0	0	0	0	0	0
Bakemono no Ko	0	1	0	0	0	0	0	0	0	0	0	0	0	0	0	0
Beelzebub	0	1	0	0	0	0	0	0	0	0	0	0	0	0	0	0
Darwin's Game	0	1	0	0	0	0	0	0	0	0	0	0	0	0	0	0
Dimension W	0	1	0	0	0	0	0	0	0	0	0	0	0	0	0	0
Dorohedoro	0	1	0	0	0	0	0	0	0	0	0	0	0	0	0	0
Drifters	0	1	0	0	0	0	0	0	0	0	0	0	0	0	0	0
Durarara!!	0	1	0	0	0	0	0	0	0	0	0	0	0	0	0	0
Durarara!!x2 Ketsu	0	1	0	0	0	0	0	0	0	0	0	0	0	0	0	0
Durarara!!x2 Shou	0	1	0	0	0	0	0	0	0	0	0	0	0	0	0	0
Durarara!!x2 Ten	0	1	0	0	0	0	0	0	0	0	0	0	0	0	0	0
Fate/Apocrypha	0	1	0	0	0	0	0	0	0	0	0	0	0	0	0	0
Fate/Extra: Last Encore	0	1	0	0	0	0	0	0	0	0	0	0	0	0	0	0
Fate/Grand Order: Zettai Majuu Sensen Babylonia	0	1	0	0	0	0	0	0	0	0	0	0	0	0	0	0
Fate/stay night: Unlimited Blade Works Prologue	0	1	0	0	0	0	0	0	0	0	0	0	0	0	0	0
Fragtime	0	1	0	0	0	0	0	0	0	0	0	0	0	0	0	0
Heion Sedai no Idaten-tachi	0	1	0	0	0	0	0	0	0	0	0	0	0	0	0	0
Honzuki no Gekokujou: Shisho ni Naru Tame ni wa Shudan wo Erandeiraremasen 2nd Season	0	1	0	0	0	0	0	0	0	0	0	0	0	0	0	0
Inu to Hasami wa Tsukaiyou	0	1	0	0	0	0	0	0	0	0	0	0	0	0	0	0
Lord El-Melloi II Sei no Jikenbo: Rail Zeppelin Grace Note	0	1	0	0	0	0	0	0	0	0	0	0	0	0	0	0
Maoujou de Oyasumi	0	1	0	0	0	0	0	0	0	0	0	0	0	0	0	0
Nanbaka	0	1	0	0	0	0	0	0	0	0	0	0	0	0	0	0
Nanbaka 2	0	1	0	0	0	0	0	0	0	0	0	0	0	0	0	0
Ousama Game The Animation	0	1	0	0	0	0	0	0	0	0	0	0	0	0	0	0
Radiant	0	1	0	0	0	0	0	0	0	0	0	0	0	0	0	0
Radiant 2nd Season	0	1	0	0	0	0	0	0	0	0	0	0	0	0	0	0
Shinigami Bocchan to Kuro Maid	0	1	0	0	0	0	0	0	0	0	0	0	0	0	0	0
Shuumatsu no Walküre	0	1	0	0	0	0	0	0	0	0	0	0	0	0	0	0
Sword Art Online Alternative: Gun Gale Online	0	1	0	0	0	0	0	0	0	0	0	0	0	0	0	0
Toaru Majutsu no Index III	0	1	0	0	0	0	0	0	0	0	0	0	0	0	0	0
Wonder Egg Priority Special	0	1	0	0	0	0	0	0	0	0	0	0	0	0	0	0
Yesterday wo Utatte: Haishin-ban Episode	0	1	0	0	0	0	0	0	0	0	0	0	0	0	0	0
Aggressive Retsuko (ONA) 3rd Season	0	0	1	0	0	0	0	0	0	0	0	0	0	0	0	0
Aggressive Retsuko (ONA) 4th Season	0	0	1	0	0	0	0	0	0	0	0	0	0	0	0	0
Aggressive Retsuko: We Wish You a Metal Christmas	0	0	1	0	0	0	0	0	0	0	0	0	0	0	0	0
Bokusatsu Tenshi Dokuro-chan	0	0	1	0	0	0	0	0	0	0	0	0	0	0	0	0
Bokusatsu Tenshi Dokuro-chan 2	0	0	1	0	0	0	0	0	0	0	0	0	0	0	0	0
D-Frag!	0	0	1	0	0	0	0	0	0	0	0	0	0	0	0	0
Dragon Ball Z Movie 05: Tobikkiri no Saikyou tai Saikyou	0	0	1	0	0	0	0	0	0	0	0	0	0	0	0	0
Dragon Ball Z Movie 06: Gekitotsu!! 100-oku Power no Senshi-tachi	0	0	1	0	0	0	0	0	0	0	0	0	0	0	0	0
Dragon Ball Z Movie 07: Kyokugen Battle!! Sandai Super Saiyajin	0	0	1	0	0	0	0	0	0	0	0	0	0	0	0	0
Dragon Ball Z Movie 10: Kiken na Futari! Super Senshi wa Nemurenai	0	0	1	0	0	0	0	0	0	0	0	0	0	0	0	0
Dragon Ball Z Movie 11: Super Senshi Gekiha!! Katsu no wa Ore da	0	0	1	0	0	0	0	0	0	0	0	0	0	0	0	0
Dragon Ball Z Movie 12: Fukkatsu no Fusion!! Gokuu to Vegeta	0	0	1	0	0	0	0	0	0	0	0	0	0	0	0	0
Dragon Ball Z Movie 13: Ryuuken Bakuhatsu!! Gokuu ga Yaraneba Dare ga Yaru	0	0	1	0	0	0	0	0	0	0	0	0	0	0	0	0
Dragon Ball Z Movie 14: Kami to Kami	0	0	1	0	0	0	0	0	0	0	0	0	0	0	0	0
Dragon Ball Z Special 1: Tatta Hitori no Saishuu Kessen	0	0	1	0	0	0	0	0	0	0	0	0	0	0	0	0
Dragon Ball: Ossu! Kaettekita Son Gokuu to Nakama-tachi!!	0	0	1	0	0	0	0	0	0	0	0	0	0	0	0	0
Hakumei no Tsubasa	0	0	1	0	0	0	0	0	0	0	0	0	0	0	0	0
Inferno Cop	0	0	1	0	0	0	0	0	0	0	0	0	0	0	0	0
Kimi to, Nami ni Noretara	0	0	1	0	0	0	0	0	0	0	0	0	0	0	0	0
Mitsudomoe	0	0	1	0	0	0	0	0	0	0	0	0	0	0	0	0
Mitsudomoe Zouryouchuu!	0	0	1	0	0	0	0	0	0	0	0	0	0	0	0	0
Nana	0	0	1	0	0	0	0	0	0	0	0	0	0	0	0	0
Nyanko Days	0	0	1	0	0	0	0	0	0	0	0	0	0	0	0	0
One Piece Movie 06: Omatsuri Danshaku to Himitsu no Shima	0	0	1	0	0	0	0	0	0	0	0	0	0	0	0	0
One Piece Movie 09: Episode of Chopper Plus - Fuyu ni Saku, Kiseki no Sakura	0	0	1	0	0	0	0	0	0	0	0	0	0	0	0	0
One Piece: Episode of Nami - Koukaishi no Namida to Nakama no Kizuna	0	0	1	0	0	0	0	0	0	0	0	0	0	0	0	0
Papa no Iukoto wo Kikinasai!	0	0	1	0	0	0	0	0	0	0	0	0	0	0	0	0
Ping Pong the Animation	0	0	1	0	0	0	0	0	0	0	0	0	0	0	0	0
Plastic Neesan	0	0	1	0	0	0	0	0	0	0	0	0	0	0	0	0
Pokemon Movie 10: Dialga vs. Palkia vs. Darkrai	0	0	1	0	0	0	0	0	0	0	0	0	0	0	0	0
Pokemon Movie 11: Giratina to Sora no Hanataba Sheimi	0	0	1	0	0	0	0	0	0	0	0	0	0	0	0	0
Pokemon Movie 12: Arceus Choukoku no Jikuu e	0	0	1	0	0	0	0	0	0	0	0	0	0	0	0	0
Pokemon Movie 20: Kimi ni Kimeta!	0	0	1	0	0	0	0	0	0	0	0	0	0	0	0	0
Ryuu to Sobakasu no Hime	0	0	1	0	0	0	0	0	0	0	0	0	0	0	0	0
Sakura Trick	0	0	1	0	0	0	0	0	0	0	0	0	0	0	0	0
Selector Infected WIXOSS	0	0	1	0	0	0	0	0	0	0	0	0	0	0	0	0
Shingeki no Bahamut: Genesis	0	0	1	0	0	0	0	0	0	0	0	0	0	0	0	0
Shinryaku! Ika Musume	0	0	1	0	0	0	0	0	0	0	0	0	0	0	0	0
Stranger: Mukou Hadan	0	0	1	0	0	0	0	0	0	0	0	0	0	0	0	0
Tenkuu Danzai Skelter+Heaven	0	0	1	0	0	0	0	0	0	0	0	0	0	0	0	0
The iDOLM@STER Movie: Kagayaki no Mukougawa e!	0	0	1	0	0	0	0	0	0	0	0	0	0	0	0	0
The iDOLM@STER Shiny Festa	0	0	1	0	0	0	0	0	0	0	0	0	0	0	0	0
There She Is!!	0	0	1	0	0	0	0	0	0	0	0	0	0	0	0	0
Uchiage Hanabi, Shita kara Miru ka? Yoko kara Miru ka?	0	0	1	0	0	0	0	0	0	0	0	0	0	0	0	0
Yoru wa Mijikashi Arukeyo Otome	0	0	1	0	0	0	0	0	0	0	0	0	0	0	0	0
Ao Haru Ride	0	0	0	1	0	0	0	0	0	0	0	0	0	0	0	0
Chika Gentou Gekiga: Shoujo Tsubaki	0	0	0	1	0	0	0	0	0	0	0	0	0	0	0	0
Chuunibyou demo Koi ga Shitai! Ren: The Rikka Wars	0	0	0	1	0	0	0	0	0	0	0	0	0	0	0	0
Comic Girls	0	0	0	1	0	0	0	0	0	0	0	0	0	0	0	0
Dolls' Frontline	0	0	0	1	0	0	0	0	0	0	0	0	0	0	0	0
Gankutsuou	0	0	0	1	0	0	0	0	0	0	0	0	0	0	0	0
Gintama Movie 1: Shinyaku Benizakura-hen	0	0	0	1	0	0	0	0	0	0	0	0	0	0	0	0
Gintama Movie 2: Kanketsu-hen - Yorozuya yo Eien Nare	0	0	0	1	0	0	0	0	0	0	0	0	0	0	0	0
Gintama: The Final	0	0	0	1	0	0	0	0	0	0	0	0	0	0	0	0
Gintama: The Semi-Final	0	0	0	1	0	0	0	0	0	0	0	0	0	0	0	0
Gintama°: Aizome Kaori-hen	0	0	0	1	0	0	0	0	0	0	0	0	0	0	0	0
Hanasaku Iroha Movie: Home Sweet Home	0	0	0	1	0	0	0	0	0	0	0	0	0	0	0	0
Hello World	0	0	0	1	0	0	0	0	0	0	0	0	0	0	0	0
Honobono Log	0	0	0	1	0	0	0	0	0	0	0	0	0	0	0	0
Isshuukan Friends.	0	0	0	1	0	0	0	0	0	0	0	0	0	0	0	0
Itsudatte Bokura no Koi wa 10 cm Datta.	0	0	0	1	0	0	0	0	0	0	0	0	0	0	0	0
Kaichou wa Maid-sama!: Omake dayo!	0	0	0	1	0	0	0	0	0	0	0	0	0	0	0	0
Kamisama Hajimemashita OVA	0	0	0	1	0	0	0	0	0	0	0	0	0	0	0	0
Kamisama Hajimemashita: Kako-hen	0	0	0	1	0	0	0	0	0	0	0	0	0	0	0	0
Kamisama Hajimemashita: Kamisama, Shiawase ni Naru	0	0	0	1	0	0	0	0	0	0	0	0	0	0	0	0
Kamisama Hajimemashita 	0	0	0	1	0	0	0	0	0	0	0	0	0	0	0	0
Kimi ni Todoke 2nd Season	0	0	0	1	0	0	0	0	0	0	0	0	0	0	0	0
Kino no Tabi: The Beautiful World - The Animated Series	0	0	0	1	0	0	0	0	0	0	0	0	0	0	0	0
Kono Subarashii Sekai ni Shukufuku wo! 2: Kono Subarashii Geijutsu ni Shukufuku wo!	0	0	0	1	0	0	0	0	0	0	0	0	0	0	0	0
Nande Koko ni Sensei ga!?	0	0	0	1	0	0	0	0	0	0	0	0	0	0	0	0
Non Non Biyori Repeat: Hotaru ga Tanoshinda	0	0	0	1	0	0	0	0	0	0	0	0	0	0	0	0
Non Non Biyori: Okinawa e Ikukoto ni Natta	0	0	0	1	0	0	0	0	0	0	0	0	0	0	0	0
One Room	0	0	0	1	0	0	0	0	0	0	0	0	0	0	0	0
Ookami Shoujo to Kuro Ouji	0	0	0	1	0	0	0	0	0	0	0	0	0	0	0	0
Orange	0	0	0	1	0	0	0	0	0	0	0	0	0	0	0	0
Ryuuou no Oshigoto!	0	0	0	1	0	0	0	0	0	0	0	0	0	0	0	0
Senryuu Shoujo	0	0	0	1	0	0	0	0	0	0	0	0	0	0	0	0
Shikioriori	0	0	0	1	0	0	0	0	0	0	0	0	0	0	0	0
Sukitte Ii na yo.	0	0	0	1	0	0	0	0	0	0	0	0	0	0	0	0
Zutto Mae kara Suki deshita.: Kokuhaku Jikkou Iinkai	0	0	0	1	0	0	0	0	0	0	0	0	0	0	0	0
Akira	0	0	0	0	1	0	0	0	0	0	0	0	0	0	0	0
Boku no Pico	0	0	0	0	1	0	0	0	0	0	0	0	0	0	0	0
Chihayafuru 2	0	0	0	0	1	0	0	0	0	0	0	0	0	0	0	0
Chihayafuru 3	0	0	0	0	1	0	0	0	0	0	0	0	0	0	0	0
Dogeza de Tanondemita	0	0	0	0	1	0	0	0	0	0	0	0	0	0	0	0
Gin no Saji	0	0	0	0	1	0	0	0	0	0	0	0	0	0	0	0
Gin no Saji 2nd Season	0	0	0	0	1	0	0	0	0	0	0	0	0	0	0	0
Hyouka: Motsubeki Mono wa	0	0	0	0	1	0	0	0	0	0	0	0	0	0	0	0
K-On!!: Keikaku!	0	0	0	0	1	0	0	0	0	0	0	0	0	0	0	0
K-On!: Live House!	0	0	0	0	1	0	0	0	0	0	0	0	0	0	0	0
Kaguya-sama wa Kokurasetai: Ultra Romantic Teaser PV - Ishigami Yuu wa Kataritai	0	0	0	0	1	0	0	0	0	0	0	0	0	0	0	0
Kaiba	0	0	0	0	1	0	0	0	0	0	0	0	0	0	0	0
Kareshi Kanojo no Jijou	0	0	0	0	1	0	0	0	0	0	0	0	0	0	0	0
Kobayashi-san Chi no Maid Dragon: Valentine, Soshite Onsen! - Amari Kitai Shinaide Kudasai	0	0	0	0	1	0	0	0	0	0	0	0	0	0	0	0
Metal Fight Beyblade 4D	0	0	0	0	1	0	0	0	0	0	0	0	0	0	0	0
Mini Dragon Specials	0	0	0	0	1	0	0	0	0	0	0	0	0	0	0	0
Omoide no Marnie	0	0	0	0	1	0	0	0	0	0	0	0	0	0	0	0
Pokemon Best Wishes!	0	0	0	0	1	0	0	0	0	0	0	0	0	0	0	0
Pokemon Best Wishes! Season 2	0	0	0	0	1	0	0	0	0	0	0	0	0	0	0	0
Pokemon Diamond & Pearl	0	0	0	0	1	0	0	0	0	0	0	0	0	0	0	0
Pokemon XY&Z	0	0	0	0	1	0	0	0	0	0	0	0	0	0	0	0
Toradora!: Bentou no Gokui	0	0	0	0	1	0	0	0	0	0	0	0	0	0	0	0
Air	0	0	0	0	0	1	0	0	0	0	0	0	0	0	0	0
Akuma no Riddle	0	0	0	0	0	1	0	0	0	0	0	0	0	0	0	0
Ani ni Tsukeru Kusuri wa Nai!	0	0	0	0	0	1	0	0	0	0	0	0	0	0	0	0
AOTU Shijie	0	0	0	0	0	1	0	0	0	0	0	0	0	0	0	0
AOTU Shijie 2	0	0	0	0	0	1	0	0	0	0	0	0	0	0	0	0
AOTU Shijie 3	0	0	0	0	0	1	0	0	0	0	0	0	0	0	0	0
Black Rock Shooter (OVA)	0	0	0	0	0	1	0	0	0	0	0	0	0	0	0	0
Black Rock Shooter (TV)	0	0	0	0	0	1	0	0	0	0	0	0	0	0	0	0
Bungou Stray Dogs Wan!	0	0	0	0	0	1	0	0	0	0	0	0	0	0	0	0
C³	0	0	0	0	0	1	0	0	0	0	0	0	0	0	0	0
Da Yu Hai Tang (Movie)	0	0	0	0	0	1	0	0	0	0	0	0	0	0	0	0
Detective Conan Movie 01: The Timed Skyscraper	0	0	0	0	0	1	0	0	0	0	0	0	0	0	0	0
Detective Conan Movie 02: The Fourteenth Target	0	0	0	0	0	1	0	0	0	0	0	0	0	0	0	0
Detective Conan Movie 03: The Last Wizard of the Century	0	0	0	0	0	1	0	0	0	0	0	0	0	0	0	0
Detective Conan Movie 04: Captured in Her Eyes	0	0	0	0	0	1	0	0	0	0	0	0	0	0	0	0
Detective Conan Movie 05: Countdown to Heaven	0	0	0	0	0	1	0	0	0	0	0	0	0	0	0	0
Detective Conan Movie 06: The Phantom of Baker Street	0	0	0	0	0	1	0	0	0	0	0	0	0	0	0	0
Detective Conan Movie 07: Crossroad in the Ancient Capital	0	0	0	0	0	1	0	0	0	0	0	0	0	0	0	0
Detective Conan Movie 08: Time Travel of the Silver Sky	0	0	0	0	0	1	0	0	0	0	0	0	0	0	0	0
Detective Conan Movie 09: Strategy Above the Depths	0	0	0	0	0	1	0	0	0	0	0	0	0	0	0	0
Detective Conan Movie 10: Requiem of the Detectives	0	0	0	0	0	1	0	0	0	0	0	0	0	0	0	0
Detective Conan Movie 11: Jolly Roger in the Deep Azure	0	0	0	0	0	1	0	0	0	0	0	0	0	0	0	0
Detective Conan Movie 12: Full Score of Fear	0	0	0	0	0	1	0	0	0	0	0	0	0	0	0	0
Detective Conan Movie 13: The Raven Chaser	0	0	0	0	0	1	0	0	0	0	0	0	0	0	0	0
Detective Conan Movie 14: The Lost Ship in the Sky	0	0	0	0	0	1	0	0	0	0	0	0	0	0	0	0
Detective Conan Movie 15: Quarter of Silence	0	0	0	0	0	1	0	0	0	0	0	0	0	0	0	0
Detective Conan Movie 16: The Eleventh Striker	0	0	0	0	0	1	0	0	0	0	0	0	0	0	0	0
Detective Conan Movie 17: Private Eye in the Distant Sea	0	0	0	0	0	1	0	0	0	0	0	0	0	0	0	0
Detective Conan Movie 18: The Sniper from Another Dimension	0	0	0	0	0	1	0	0	0	0	0	0	0	0	0	0
Detective Conan Movie 19: The Hellfire Sunflowers	0	0	0	0	0	1	0	0	0	0	0	0	0	0	0	0
Detective Conan Movie 20: The Darkest Nightmare	0	0	0	0	0	1	0	0	0	0	0	0	0	0	0	0
Detective Conan Movie 22: Zero the Enforcer	0	0	0	0	0	1	0	0	0	0	0	0	0	0	0	0
Detective Conan: Episode One - The Great Detective Turned Small	0	0	0	0	0	1	0	0	0	0	0	0	0	0	0	0
Diabolik Lovers	0	0	0	0	0	1	0	0	0	0	0	0	0	0	0	0
Futari wa Milky Holmes	0	0	0	0	0	1	0	0	0	0	0	0	0	0	0	0
Gunslinger Girl	0	0	0	0	0	1	0	0	0	0	0	0	0	0	0	0
Higurashi no Naku Koro ni Sotsu	0	0	0	0	0	1	0	0	0	0	0	0	0	0	0	0
Himouto! Umaru-chan	0	0	0	0	0	1	0	0	0	0	0	0	0	0	0	0
Inu x Boku SS	0	0	0	0	0	1	0	0	0	0	0	0	0	0	0	0
Jigoku Shoujo	0	0	0	0	0	1	0	0	0	0	0	0	0	0	0	0
Joker Game	0	0	0	0	0	1	0	0	0	0	0	0	0	0	0	0
Kagerou Daze: In a Day's	0	0	0	0	0	1	0	0	0	0	0	0	0	0	0	0
Kamisama no Inai Nichiyoubi	0	0	0	0	0	1	0	0	0	0	0	0	0	0	0	0
Kamisama no Memochou	0	0	0	0	0	1	0	0	0	0	0	0	0	0	0	0
Kujira no Kora wa Sajou ni Utau	0	0	0	0	0	1	0	0	0	0	0	0	0	0	0	0
Mahou Shoujo Site	0	0	0	0	0	1	0	0	0	0	0	0	0	0	0	0
Nakanohito Genome [Jikkyouchuu]	0	0	0	0	0	1	0	0	0	0	0	0	0	0	0	0
Noir	0	0	0	0	0	1	0	0	0	0	0	0	0	0	0	0
Persona 5 the Animation	0	0	0	0	0	1	0	0	0	0	0	0	0	0	0	0
Persona 5 the Animation: The Day Breakers	0	0	0	0	0	1	0	0	0	0	0	0	0	0	0	0
Phantom: Requiem for the Phantom	0	0	0	0	0	1	0	0	0	0	0	0	0	0	0	0
Ranpo Kitan: Game of Laplace	0	0	0	0	0	1	0	0	0	0	0	0	0	0	0	0
Rozen Maiden (2013)	0	0	0	0	0	1	0	0	0	0	0	0	0	0	0	0
Rozen Maiden: Ouvertüre	0	0	0	0	0	1	0	0	0	0	0	0	0	0	0	0
Sarazanmai	0	0	0	0	0	1	0	0	0	0	0	0	0	0	0	0
Satsuriku no Tenshi	0	0	0	0	0	1	0	0	0	0	0	0	0	0	0	0
Serial Experiments Lain	0	0	0	0	0	1	0	0	0	0	0	0	0	0	0	0
Shugo Chara!	0	0	0	0	0	1	0	0	0	0	0	0	0	0	0	0
Tantei Opera Milky Holmes	0	0	0	0	0	1	0	0	0	0	0	0	0	0	0	0
Tantei Opera Milky Holmes Dai 2 Maku	0	0	0	0	0	1	0	0	0	0	0	0	0	0	0	0
Vampire Knight	0	0	0	0	0	1	0	0	0	0	0	0	0	0	0	0
Vampire Knight: Guilty	0	0	0	0	0	1	0	0	0	0	0	0	0	0	0	0
Watashi ga Motenai no wa Dou Kangaetemo Omaera ga Warui!	0	0	0	0	0	1	0	0	0	0	0	0	0	0	0	0
Wotaku ni Koi wa Muzukashii OVA	0	0	0	0	0	1	0	0	0	0	0	0	0	0	0	0
Yuuki Yuuna wa Yuusha de Aru	0	0	0	0	0	1	0	0	0	0	0	0	0	0	0	0
Aiura	0	0	0	0	0	0	1	0	0	0	0	0	0	0	0	0
Amaama to Inazuma	0	0	0	0	0	0	1	0	0	0	0	0	0	0	0	0
Arifureta Shokugyou de Sekai Saikyou 2nd Season	0	0	0	0	0	0	1	0	0	0	0	0	0	0	0	0
Azur Lane: Bisoku Zenshin!	0	0	0	0	0	0	1	0	0	0	0	0	0	0	0	0
Beelzebub-jou no Okinimesu mama.	0	0	0	0	0	0	1	0	0	0	0	0	0	0	0	0
Cheat Kusushi no Slow Life: Isekai ni Tsukurou Drugstore	0	0	0	0	0	0	1	0	0	0	0	0	0	0	0	0
D4DJ: First Mix	0	0	0	0	0	0	1	0	0	0	0	0	0	0	0	0
Dumbbell Nan Kilo Moteru?	0	0	0	0	0	0	1	0	0	0	0	0	0	0	0	0
Fantasy Bishoujo Juniku Ojisan to	0	0	0	0	0	0	1	0	0	0	0	0	0	0	0	0
Gekkan Shoujo Nozaki-kun	0	0	0	0	0	0	1	0	0	0	0	0	0	0	0	0
Hataage! Kemono Michi	0	0	0	0	0	0	1	0	0	0	0	0	0	0	0	0
Hibike! Euphonium Movie 3: Chikai no Finale	0	0	0	0	0	0	1	0	0	0	0	0	0	0	0	0
Himegoto	0	0	0	0	0	0	1	0	0	0	0	0	0	0	0	0
Houkago Teibou Nisshi	0	0	0	0	0	0	1	0	0	0	0	0	0	0	0	0
Isekai Shokudou 2	0	0	0	0	0	0	1	0	0	0	0	0	0	0	0	0
Ishuzoku Reviewers	0	0	0	0	0	0	1	0	0	0	0	0	0	0	0	0
Joshikousei no Mudazukai	0	0	0	0	0	0	1	0	0	0	0	0	0	0	0	0
Joshiraku	0	0	0	0	0	0	1	0	0	0	0	0	0	0	0	0
Joshiraku OVA	0	0	0	0	0	0	1	0	0	0	0	0	0	0	0	0
Kageki Shoujo!!	0	0	0	0	0	0	1	0	0	0	0	0	0	0	0	0
Kawaki wo Ameku	0	0	0	0	0	0	1	0	0	0	0	0	0	0	0	0
Kemono Friends	0	0	0	0	0	0	1	0	0	0	0	0	0	0	0	0
Kemono Friends 2	0	0	0	0	0	0	1	0	0	0	0	0	0	0	0	0
Kemurikusa (TV)	0	0	0	0	0	0	1	0	0	0	0	0	0	0	0	0
Keppeki Danshi! Aoyama-kun	0	0	0	0	0	0	1	0	0	0	0	0	0	0	0	0
Kiss x Sis	0	0	0	0	0	0	1	0	0	0	0	0	0	0	0	0
Kiss x Sis (TV)	0	0	0	0	0	0	1	0	0	0	0	0	0	0	0	0
Kyoukai no Kanata Movie 2: I'll Be Here - Mirai-hen	0	0	0	0	0	0	1	0	0	0	0	0	0	0	0	0
Kyuukyoku Shinka shita Full Dive RPG ga Genjitsu yori mo Kusoge Dattara	0	0	0	0	0	0	1	0	0	0	0	0	0	0	0	0
Machikado Mazoku	0	0	0	0	0	0	1	0	0	0	0	0	0	0	0	0
Maou-sama, Retry!	0	0	0	0	0	0	1	0	0	0	0	0	0	0	0	0
Meikyuu Black Company	0	0	0	0	0	0	1	0	0	0	0	0	0	0	0	0
Midara na Ao-chan wa Benkyou ga Dekinai	0	0	0	0	0	0	1	0	0	0	0	0	0	0	0	0
Monster Musume no Oishasan	0	0	0	0	0	0	1	0	0	0	0	0	0	0	0	0
Nekopara	0	0	0	0	0	0	1	0	0	0	0	0	0	0	0	0
Okusama ga Seitokaichou!	0	0	0	0	0	0	1	0	0	0	0	0	0	0	0	0
Ore no Imouto ga Konnani Kawaii Wake ga Nai	0	0	0	0	0	0	1	0	0	0	0	0	0	0	0	0
Ore no Imouto ga Konnani Kawaii Wake ga Nai Specials	0	0	0	0	0	0	1	0	0	0	0	0	0	0	0	0
Ore no Imouto ga Konnani Kawaii Wake ga Nai.	0	0	0	0	0	0	1	0	0	0	0	0	0	0	0	0
Ore no Imouto ga Konnani Kawaii Wake ga Nai. Specials	0	0	0	0	0	0	1	0	0	0	0	0	0	0	0	0
Otome Game no Hametsu Flag shika Nai Akuyaku Reijou ni Tensei shiteshimatta... X	0	0	0	0	0	0	1	0	0	0	0	0	0	0	0	0
Saiki Kusuo no  -nan:  -shidou-hen	0	0	0	0	0	0	1	0	0	0	0	0	0	0	0	0
Seijo no Maryoku wa Bannou Desu	0	0	0	0	0	0	1	0	0	0	0	0	0	0	0	0
Sekai Seifuku: Bouryaku no Zvezda	0	0	0	0	0	0	1	0	0	0	0	0	0	0	0	0
Shiroi Suna no Aquatope	0	0	0	0	0	0	1	0	0	0	0	0	0	0	0	0
Slime Taoshite 300-nen, Shiranai Uchi ni Level Max ni Nattemashita	0	0	0	0	0	0	1	0	0	0	0	0	0	0	0	0
Slow Loop	0	0	0	0	0	0	1	0	0	0	0	0	0	0	0	0
Taishou Otome Otogibanashi	0	0	0	0	0	0	1	0	0	0	0	0	0	0	0	0
Tejina-senpai	0	0	0	0	0	0	1	0	0	0	0	0	0	0	0	0
Tonikaku Kawaii: Kaisou	0	0	0	0	0	0	1	0	0	0	0	0	0	0	0	0
Tsuki to Laika to Nosferatu	0	0	0	0	0	0	1	0	0	0	0	0	0	0	0	0
Tsuujou Kougeki ga Zentai Kougeki de Ni-kai Kougeki no Okaasan wa Suki Desu ka?	0	0	0	0	0	0	1	0	0	0	0	0	0	0	0	0
Tsuujou Kougeki ga Zentai Kougeki de Ni-kai Kougeki no Okaasan wa Suki Desu ka? OVA	0	0	0	0	0	0	1	0	0	0	0	0	0	0	0	0
Watashi ni Tenshi ga Maiorita!	0	0	0	0	0	0	1	0	0	0	0	0	0	0	0	0
Yuusha ni Narenakatta Ore wa Shibushibu Shuushoku wo Ketsui Shimashita.	0	0	0	0	0	0	1	0	0	0	0	0	0	0	0	0
Zombieland Saga	0	0	0	0	0	0	1	0	0	0	0	0	0	0	0	0
Zombieland Saga: Revenge	0	0	0	0	0	0	1	0	0	0	0	0	0	0	0	0
11eyes	0	0	0	0	0	0	0	1	0	0	0	0	0	0	0	0
Astarotte no Omocha!	0	0	0	0	0	0	0	1	0	0	0	0	0	0	0	0
Asu no Yoichi!	0	0	0	0	0	0	0	1	0	0	0	0	0	0	0	0
Back Street Girls: Gokudolls	0	0	0	0	0	0	0	1	0	0	0	0	0	0	0	0
Bakugan Battle Brawlers: New Vestroia	0	0	0	0	0	0	0	1	0	0	0	0	0	0	0	0
Boruto: Naruto the Movie - Naruto ga Hokage ni Natta Hi	0	0	0	0	0	0	0	1	0	0	0	0	0	0	0	0
Dragon Ball Z Movie 01: Ora no Gohan wo Kaese!!	0	0	0	0	0	0	0	1	0	0	0	0	0	0	0	0
Glasslip	0	0	0	0	0	0	0	1	0	0	0	0	0	0	0	0
Haiyore! Nyaruko-san	0	0	0	0	0	0	0	1	0	0	0	0	0	0	0	0
Hayate no Gotoku!	0	0	0	0	0	0	0	1	0	0	0	0	0	0	0	0
Hayate no Gotoku!!: Atsu ga Natsuize - Mizugi-hen!	0	0	0	0	0	0	0	1	0	0	0	0	0	0	0	0
Hoshizora e Kakaru Hashi	0	0	0	0	0	0	0	1	0	0	0	0	0	0	0	0
Itsuka Tenma no Kuro Usagi	0	0	0	0	0	0	0	1	0	0	0	0	0	0	0	0
Kanojo ga Flag wo Oraretara	0	0	0	0	0	0	0	1	0	0	0	0	0	0	0	0
Kara no Kyoukai 1: Fukan Fuukei	0	0	0	0	0	0	0	1	0	0	0	0	0	0	0	0
Kara no Kyoukai 2: Satsujin Kousatsu (Zen)	0	0	0	0	0	0	0	1	0	0	0	0	0	0	0	0
Kara no Kyoukai 3: Tsuukaku Zanryuu	0	0	0	0	0	0	0	1	0	0	0	0	0	0	0	0
Kara no Kyoukai 4: Garan no Dou	0	0	0	0	0	0	0	1	0	0	0	0	0	0	0	0
Kara no Kyoukai 5: Mujun Rasen	0	0	0	0	0	0	0	1	0	0	0	0	0	0	0	0
Kara no Kyoukai 6: Boukyaku Rokuon	0	0	0	0	0	0	0	1	0	0	0	0	0	0	0	0
Kara no Kyoukai 7: Satsujin Kousatsu (Go)	0	0	0	0	0	0	0	1	0	0	0	0	0	0	0	0
Kara no Kyoukai 8: Shuushou	0	0	0	0	0	0	0	1	0	0	0	0	0	0	0	0
Kara no Kyoukai Movie: Mirai Fukuin	0	0	0	0	0	0	0	1	0	0	0	0	0	0	0	0
Karigurashi no Arrietty	0	0	0	0	0	0	0	1	0	0	0	0	0	0	0	0
Kore wa Zombie Desu ka? of the Dead: Hai, Minotake ni Attemasu	0	0	0	0	0	0	0	1	0	0	0	0	0	0	0	0
Magi: Sinbad no Bouken	0	0	0	0	0	0	0	1	0	0	0	0	0	0	0	0
MM!	0	0	0	0	0	0	0	1	0	0	0	0	0	0	0	0
Naruto Movie 2: Dai Gekitotsu! Maboroshi no Chiteiiseki Dattebayo!	0	0	0	0	0	0	0	1	0	0	0	0	0	0	0	0
Naruto: Shippuuden Movie 1	0	0	0	0	0	0	0	1	0	0	0	0	0	0	0	0
Naruto: Shippuuden Movie 2 - Kizuna	0	0	0	0	0	0	0	1	0	0	0	0	0	0	0	0
Naruto: Shippuuden Movie 4 - The Lost Tower	0	0	0	0	0	0	0	1	0	0	0	0	0	0	0	0
Naruto: Shippuuden Movie 5 - Blood Prison	0	0	0	0	0	0	0	1	0	0	0	0	0	0	0	0
Naruto: Shippuuden Movie 6 - Road to Ninja	0	0	0	0	0	0	0	1	0	0	0	0	0	0	0	0
Nejimaki Seirei Senki: Tenkyou no Alderamin	0	0	0	0	0	0	0	1	0	0	0	0	0	0	0	0
Ojamajo Doremi	0	0	0	0	0	0	0	1	0	0	0	0	0	0	0	0
Re:Zero kara Hajimeru Isekai Seikatsu - Memory Snow	0	0	0	0	0	0	0	1	0	0	0	0	0	0	0	0
Reikenzan: Hoshikuzu-tachi no Utage	0	0	0	0	0	0	0	1	0	0	0	0	0	0	0	0
Rokka no Yuusha	0	0	0	0	0	0	0	1	0	0	0	0	0	0	0	0
Seitokai Yakuindomo*	0	0	0	0	0	0	0	1	0	0	0	0	0	0	0	0
Sonic X	0	0	0	0	0	0	0	1	0	0	0	0	0	0	0	0
Sora no Otoshimono Final: Eternal My Master	0	0	0	0	0	0	0	1	0	0	0	0	0	0	0	0
Sora no Otoshimono: Tokeijikake no Angeloid	0	0	0	0	0	0	0	1	0	0	0	0	0	0	0	0
Yu Gi Oh! Duel Monsters	0	0	0	0	0	0	0	1	0	0	0	0	0	0	0	0
07-Ghost	0	0	0	0	0	0	0	0	1	0	0	0	0	0	0	0
91 Days	0	0	0	0	0	0	0	0	1	0	0	0	0	0	0	0
Bakuten!!	0	0	0	0	0	0	0	0	1	0	0	0	0	0	0	0
Chuan Shu Zijiu Zhinan	0	0	0	0	0	0	0	0	1	0	0	0	0	0	0	0
Clockwork Planet	0	0	0	0	0	0	0	0	1	0	0	0	0	0	0	0
Free!	0	0	0	0	0	0	0	0	1	0	0	0	0	0	0	0
Fullmetal Alchemist: The Sacred Star of Milos	0	0	0	0	0	0	0	0	1	0	0	0	0	0	0	0
Given Movie	0	0	0	0	0	0	0	0	1	0	0	0	0	0	0	0
Given: Uragawa no Sonzai	0	0	0	0	0	0	0	0	1	0	0	0	0	0	0	0
Luck & Logic	0	0	0	0	0	0	0	0	1	0	0	0	0	0	0	0
Momo e no Tegami	0	0	0	0	0	0	0	0	1	0	0	0	0	0	0	0
Noblesse: Awakening	0	0	0	0	0	0	0	0	1	0	0	0	0	0	0	0
Oushitsu Kyoushi Heine	0	0	0	0	0	0	0	0	1	0	0	0	0	0	0	0
Quanzhi Gaoshou 2	0	0	0	0	0	0	0	0	1	0	0	0	0	0	0	0
Aikatsu Stars!	0	0	0	0	0	0	0	0	0	1	0	0	0	0	0	0
Ansatsu Kyoushitsu: 365-nichi no Jikan	0	0	0	0	0	0	0	0	0	1	0	0	0	0	0	0
Ansatsu Kyoushitsu: Deai no Jikan	0	0	0	0	0	0	0	0	0	1	0	0	0	0	0	0
Ao Oni The Animation	0	0	0	0	0	0	0	0	0	1	0	0	0	0	0	0
Boku dake ga Inai Machi Recaps	0	0	0	0	0	0	0	0	0	1	0	0	0	0	0	0
Boku no Hero Academia: Sukue! Kyuujo Kunren!	0	0	0	0	0	0	0	0	0	1	0	0	0	0	0	0
Boku no Hero Academia: Training of the Dead	0	0	0	0	0	0	0	0	0	1	0	0	0	0	0	0
Choujigen Game Neptune The Animation	0	0	0	0	0	0	0	0	0	1	0	0	0	0	0	0
Corpse Party: Tortured Souls - Bougyakusareta Tamashii no Jukyou	0	0	0	0	0	0	0	0	0	1	0	0	0	0	0	0
Fairy Tail Movie 1: Houou no Miko	0	0	0	0	0	0	0	0	0	1	0	0	0	0	0	0
Fairy Tail OVA	0	0	0	0	0	0	0	0	0	1	0	0	0	0	0	0
Gyakuten Saiban: Sono "Shinjitsu", Igi Ari!	0	0	0	0	0	0	0	0	0	1	0	0	0	0	0	0
HaruChika: Haruta to Chika wa Seishun suru	0	0	0	0	0	0	0	0	0	1	0	0	0	0	0	0
Hetalia World Series Specials	0	0	0	0	0	0	0	0	0	1	0	0	0	0	0	0
Hetalia: The Beautiful World Specials	0	0	0	0	0	0	0	0	0	1	0	0	0	0	0	0
Hetalia: The World Twinkle	0	0	0	0	0	0	0	0	0	1	0	0	0	0	0	0
High School Fleet	0	0	0	0	0	0	0	0	0	1	0	0	0	0	0	0
Houseki no Kuni	0	0	0	0	0	0	0	0	0	1	0	0	0	0	0	0
Juuni Taisen	0	0	0	0	0	0	0	0	0	1	0	0	0	0	0	0
Kaizoku Oujo	0	0	0	0	0	0	0	0	0	1	0	0	0	0	0	0
Kantai Collection: KanColle	0	0	0	0	0	0	0	0	0	1	0	0	0	0	0	0
Kekkai Sensen: Ousama no Restaurant no Ousama	0	0	0	0	0	0	0	0	0	1	0	0	0	0	0	0
Kekkai Sensen: Soresaemo Saitei de Saikou na Hibi	0	0	0	0	0	0	0	0	0	1	0	0	0	0	0	0
Kill la Kill Specials	0	0	0	0	0	0	0	0	0	1	0	0	0	0	0	0
Kobayashi-san Chi no OO Dragon	0	0	0	0	0	0	0	0	0	1	0	0	0	0	0	0
Koro-sensei Quest!	0	0	0	0	0	0	0	0	0	1	0	0	0	0	0	0
Kuroshitsuji II	0	0	0	0	0	0	0	0	0	1	0	0	0	0	0	0
Kuroshitsuji: Book of Circus	0	0	0	0	0	0	0	0	0	1	0	0	0	0	0	0
Kuroshitsuji: Book of Murder	0	0	0	0	0	0	0	0	0	1	0	0	0	0	0	0
Kyousou Giga (2012)	0	0	0	0	0	0	0	0	0	1	0	0	0	0	0	0
Mayoiga	0	0	0	0	0	0	0	0	0	1	0	0	0	0	0	0
Mekakucity Records	0	0	0	0	0	0	0	0	0	1	0	0	0	0	0	0
Mekakucity V's	0	0	0	0	0	0	0	0	0	1	0	0	0	0	0	0
Military!	0	0	0	0	0	0	0	0	0	1	0	0	0	0	0	0
One Punch Man: Road to Hero	0	0	0	0	0	0	0	0	0	1	0	0	0	0	0	0
Oshiete! Galko-chan	0	0	0	0	0	0	0	0	0	1	0	0	0	0	0	0
Poputepipikku	0	0	0	0	0	0	0	0	0	1	0	0	0	0	0	0
Sakamoto Desu ga? Special	0	0	0	0	0	0	0	0	0	1	0	0	0	0	0	0
Servamp	0	0	0	0	0	0	0	0	0	1	0	0	0	0	0	0
Shingeki! Kyojin Chuugakkou	0	0	0	0	0	0	0	0	0	1	0	0	0	0	0	0
Soul Eater NOT!	0	0	0	0	0	0	0	0	0	1	0	0	0	0	0	0
Sword Art Online II: Debriefing	0	0	0	0	0	0	0	0	0	1	0	0	0	0	0	0
Tenchi Souzou Design-bu	0	0	0	0	0	0	0	0	0	1	0	0	0	0	0	0
Tenchi Souzou Design-bu Special	0	0	0	0	0	0	0	0	0	1	0	0	0	0	0	0
Top wo Nerae 2! Diebuster	0	0	0	0	0	0	0	0	0	1	0	0	0	0	0	0
Watashi ga Motete Dousunda	0	0	0	0	0	0	0	0	0	1	0	0	0	0	0	0
Youjo Shenki	0	0	0	0	0	0	0	0	0	1	0	0	0	0	0	0
Youjo Shenki Episode 0	0	0	0	0	0	0	0	0	0	1	0	0	0	0	0	0
Boogiepop wa Warawanai (2019)	0	0	0	0	0	0	0	0	0	0	1	0	0	0	0	0
Heya Camp 	0	0	0	0	0	0	0	0	0	0	1	0	0	0	0	0
Howl no Ugoku Shiro	0	0	0	0	0	0	0	0	0	0	1	0	0	0	0	0
Hyakuren no Haou to Seiyaku no Valkyria	0	0	0	0	0	0	0	0	0	0	1	0	0	0	0	0
Kino no Tabi: The Beautiful World	0	0	0	0	0	0	0	0	0	0	1	0	0	0	0	0
Shirobako	0	0	0	0	0	0	0	0	0	0	1	0	0	0	0	0
Shirobako Movie	0	0	0	0	0	0	0	0	0	0	1	0	0	0	0	0
Tokyo Magnitude 8.0	0	0	0	0	0	0	0	0	0	0	1	0	0	0	0	0
Uchi no Ko no Tame naraba, Ore wa Moshikashitara Maou mo Taoseru kamo Shirenai.	0	0	0	0	0	0	0	0	0	0	1	0	0	0	0	0
Boku wa Tomodachi ga Sukunai: Relay Shousetsu wa Ketsumatsu ga Hanpanai	0	0	0	0	0	0	0	0	0	0	0	1	0	0	0	0
Bokura wa Minna Kawai-sou	0	0	0	0	0	0	0	0	0	0	0	1	0	0	0	0
Bokura wa Minna Kawai-sou: Hajimete no	0	0	0	0	0	0	0	0	0	0	0	1	0	0	0	0
Bokutachi wa Benkyou ga Dekinai!: Chapel no Kane wa [X] wo Shukufuku Suru	0	0	0	0	0	0	0	0	0	0	0	1	0	0	0	0
Bokutachi wa Benkyou ga Dekinai: Nagisa ni Usemono Arite Senjin wa Enzen to [X] Suru	0	0	0	0	0	0	0	0	0	0	0	1	0	0	0	0
Chuunibyou demo Koi ga Shitai! Lite	0	0	0	0	0	0	0	0	0	0	0	1	0	0	0	0
Chuunibyou demo Koi ga Shitai!: Kirameki no... Slapstick Noel	0	0	0	0	0	0	0	0	0	0	0	1	0	0	0	0
Cike Wu Liuqi Fanwai	0	0	0	0	0	0	0	0	0	0	0	1	0	0	0	0
Dragon Ball Z Movie 04: Super Saiyajin da Son Gokuu	0	0	0	0	0	0	0	0	0	0	0	1	0	0	0	0
Dungeon ni Deai wo Motomeru no wa Machigatteiru Darou ka II OVA	0	0	0	0	0	0	0	0	0	0	0	1	0	0	0	0
Dungeon ni Deai wo Motomeru no wa Machigatteiru Darou ka II: Past & Future	0	0	0	0	0	0	0	0	0	0	0	1	0	0	0	0
Dungeon ni Deai wo Motomeru no wa Machigatteiru Darou ka OVA	0	0	0	0	0	0	0	0	0	0	0	1	0	0	0	0
Golden Kamuy OVA	0	0	0	0	0	0	0	0	0	0	0	1	0	0	0	0
High School DxD OVA	0	0	0	0	0	0	0	0	0	0	0	1	0	0	0	0
Higurashi no Naku Koro ni Kai Specials	0	0	0	0	0	0	0	0	0	0	0	1	0	0	0	0
Higurashi no Naku Koro ni Kaku: Outbreak	0	0	0	0	0	0	0	0	0	0	0	1	0	0	0	0
Higurashi no Naku Koro ni Kira	0	0	0	0	0	0	0	0	0	0	0	1	0	0	0	0
Higurashi no Naku Koro ni Special: Nekogoroshi-hen	0	0	0	0	0	0	0	0	0	0	0	1	0	0	0	0
Karakai Jouzu no Takagi-san: Water Slide	0	0	0	0	0	0	0	0	0	0	0	1	0	0	0	0
Nanatsu no Taizai OVA	0	0	0	0	0	0	0	0	0	0	0	1	0	0	0	0
Nanatsu no Taizai: Eiyuu-tachi wa Hashagu	0	0	0	0	0	0	0	0	0	0	0	1	0	0	0	0
New Game!: Watashi, Shain Ryokou tte Hajimete nano de...	0	0	0	0	0	0	0	0	0	0	0	1	0	0	0	0
Pokemon: Bokutachi Pichu Brothers - Party wa Oosawagi! no Maki	0	0	0	0	0	0	0	0	0	0	0	1	0	0	0	0
Pokemon: Odoru Pokemon Himitsu Kichi	0	0	0	0	0	0	0	0	0	0	0	1	0	0	0	0
Pokemon: Pichu to Pikachu	0	0	0	0	0	0	0	0	0	0	0	1	0	0	0	0
Pokemon: Pikachu no Fuyuyasumi	0	0	0	0	0	0	0	0	0	0	0	1	0	0	0	0
Pokemon: Pikachu no Natsuyasumi	0	0	0	0	0	0	0	0	0	0	0	1	0	0	0	0
Pokemon: Pikachu Tankentai	0	0	0	0	0	0	0	0	0	0	0	1	0	0	0	0
Pokemon: The Origin	0	0	0	0	0	0	0	0	0	0	0	1	0	0	0	0
Re:Petit kara Hajimeru Isekai Seikatsu	0	0	0	0	0	0	0	0	0	0	0	1	0	0	0	0
Re:Zero kara Hajimeru Break Time	0	0	0	0	0	0	0	0	0	0	0	1	0	0	0	0
Saenai Heroine no Sodatekata  : Koi to Junjou no Service-kai	0	0	0	0	0	0	0	0	0	0	0	1	0	0	0	0
Saenai Heroine no Sodatekata: Ai to Seishun no Service-kai	0	0	0	0	0	0	0	0	0	0	0	1	0	0	0	0
Shingeki no Kyojin OVA	0	0	0	0	0	0	0	0	0	0	0	1	0	0	0	0
Shokugeki no Souma: San no Sara - Kyokuseiryou no Erina	0	0	0	0	0	0	0	0	0	0	0	1	0	0	0	0
Shouwa Genroku Rakugo Shinjuu	0	0	0	0	0	0	0	0	0	0	0	1	0	0	0	0
Shouwa Genroku Rakugo Shinjuu: Sukeroku Futatabi-hen	0	0	0	0	0	0	0	0	0	0	0	1	0	0	0	0
Special A	0	0	0	0	0	0	0	0	0	0	0	1	0	0	0	0
Tensei shitara Slime Datta Ken OVA	0	0	0	0	0	0	0	0	0	0	0	1	0	0	0	0
Tensei shitara Slime Datta Ken: Kanwa - Hinata Sakaguchi	0	0	0	0	0	0	0	0	0	0	0	1	0	0	0	0
Wu Liuqi Zhi Xuanwu Guo Pian	0	0	0	0	0	0	0	0	0	0	0	1	0	0	0	0
Yahari Ore no Seishun Love Comedy wa Machigatteiru. OVA	0	0	0	0	0	0	0	0	0	0	0	1	0	0	0	0
Yakusoku no Neverland 2nd Season: Michishirube	0	0	0	0	0	0	0	0	0	0	0	1	0	0	0	0
Youjo Senki: Senkyou Houkoku	0	0	0	0	0	0	0	0	0	0	0	1	0	0	0	0
Yuru Camp  Specials	0	0	0	0	0	0	0	0	0	0	0	1	0	0	0	0
Actors: Songs Connection	0	0	0	0	0	0	0	0	0	0	0	0	1	0	0	0
Ahiru no Sora	0	0	0	0	0	0	0	0	0	0	0	0	1	0	0	0
Babylon	0	0	0	0	0	0	0	0	0	0	0	0	1	0	0	0
Carole & Tuesday	0	0	0	0	0	0	0	0	0	0	0	0	1	0	0	0
Haikyuu!! Movie 1: Owari to Hajimari	0	0	0	0	0	0	0	0	0	0	0	0	1	0	0	0
Haikyuu!! Movie 2: Shousha to Haisha	0	0	0	0	0	0	0	0	0	0	0	0	1	0	0	0
Haikyuu!! Movie 3: Sainou to Sense	0	0	0	0	0	0	0	0	0	0	0	0	1	0	0	0
Haikyuu!! Movie 4: Concept no Tatakai	0	0	0	0	0	0	0	0	0	0	0	0	1	0	0	0
Haikyuu!! vs. "Akaten"	0	0	0	0	0	0	0	0	0	0	0	0	1	0	0	0
Hoshiai no Sora	0	0	0	0	0	0	0	0	0	0	0	0	1	0	0	0
Kai Byoui Ramune	0	0	0	0	0	0	0	0	0	0	0	0	1	0	0	0
Nami yo Kiitekure	0	0	0	0	0	0	0	0	0	0	0	0	1	0	0	0
Natsunagu!	0	0	0	0	0	0	0	0	0	0	0	0	1	0	0	0
No Guns Life	0	0	0	0	0	0	0	0	0	0	0	0	1	0	0	0
No Guns Life 2nd Season	0	0	0	0	0	0	0	0	0	0	0	0	1	0	0	0
Noblesse	0	0	0	0	0	0	0	0	0	0	0	0	1	0	0	0
Shingeki no Kyojin Season 2 Movie: Kakusei no Houkou	0	0	0	0	0	0	0	0	0	0	0	0	1	0	0	0
Planetarian: Chiisana Hoshi no Yume	0	0	0	0	0	0	0	0	0	0	0	0	0	1	0	0
Tada-kun wa Koi wo Shinai	0	0	0	0	0	0	0	0	0	0	0	0	0	1	0	0
3D Kanojo: Real Girl	0	0	0	0	0	0	0	0	0	0	0	0	0	0	1	0
Akagami no Shirayuki-hime 2nd Season	0	0	0	0	0	0	0	0	0	0	0	0	0	0	1	0
Beatless	0	0	0	0	0	0	0	0	0	0	0	0	0	0	1	0
Beatless Final Stage	0	0	0	0	0	0	0	0	0	0	0	0	0	0	1	0
ChäoS;Child	0	0	0	0	0	0	0	0	0	0	0	0	0	0	1	0
Daitoshokan no Hitsujikai	0	0	0	0	0	0	0	0	0	0	0	0	0	0	1	0
Demi-chan wa Kataritai: Demi-chan no Natsuyasumi	0	0	0	0	0	0	0	0	0	0	0	0	0	0	1	0
Dog Days	0	0	0	0	0	0	0	0	0	0	0	0	0	0	1	0
Hagure Yuusha no Aesthetica: Hajirai Ippai	0	0	0	0	0	0	0	0	0	0	0	0	0	0	1	0
Kämpfer	0	0	0	0	0	0	0	0	0	0	0	0	0	0	1	0
Mahouka Koukou no Rettousei: Raihousha-hen	0	0	0	0	0	0	0	0	0	0	0	0	0	0	1	0
Masou Gakuen HxH	0	0	0	0	0	0	0	0	0	0	0	0	0	0	1	0
Natsume Yuujinchou	0	0	0	0	0	0	0	0	0	0	0	0	0	0	1	0
Nijiiro Days	0	0	0	0	0	0	0	0	0	0	0	0	0	0	1	0
Sankarea: Wagahai mo... Zombie de Aru...	0	0	0	0	0	0	0	0	0	0	0	0	0	0	1	0
Seikon no Qwaser	0	0	0	0	0	0	0	0	0	0	0	0	0	0	1	0
Sounan Desu ka?	0	0	0	0	0	0	0	0	0	0	0	0	0	0	1	0
Steins;Gate 0: Kesshou Takei no Valentine - Bittersweet Intermedio	0	0	0	0	0	0	0	0	0	0	0	0	0	0	1	0
100-man no Inochi no Ue ni Ore wa Tatteiru	0	0	0	0	0	0	0	0	0	0	0	0	0	0	0	1
Arslan Senki (TV)	0	0	0	0	0	0	0	0	0	0	0	0	0	0	0	1
Baka to Test to Shoukanjuu Specials	0	0	0	0	0	0	0	0	0	0	0	0	0	0	0	1
Baka to Test to Shoukanjuu: Matsuri	0	0	0	0	0	0	0	0	0	0	0	0	0	0	0	1
Bakuman. 2nd Season	0	0	0	0	0	0	0	0	0	0	0	0	0	0	0	1
Bakuman. 3rd Season	0	0	0	0	0	0	0	0	0	0	0	0	0	0	0	1
Black Bullet	0	0	0	0	0	0	0	0	0	0	0	0	0	0	0	1
Blood+	0	0	0	0	0	0	0	0	0	0	0	0	0	0	0	1
Chobits	0	0	0	0	0	0	0	0	0	0	0	0	0	0	0	1
Claymore	0	0	0	0	0	0	0	0	0	0	0	0	0	0	0	1
Cross Ange: Tenshi to Ryuu no Rondo	0	0	0	0	0	0	0	0	0	0	0	0	0	0	0	1
Densetsu no Yuusha no Densetsu	0	0	0	0	0	0	0	0	0	0	0	0	0	0	0	1
Eureka Seven AO	0	0	0	0	0	0	0	0	0	0	0	0	0	0	0	1
Fairy Tail: Final Series	0	0	0	0	0	0	0	0	0	0	0	0	0	0	0	1
Gakusen Toshi Asterisk 2nd Season	0	0	0	0	0	0	0	0	0	0	0	0	0	0	0	1
Gibiate	0	0	0	0	0	0	0	0	0	0	0	0	0	0	0	1
Gintama': Futon ni Haitte kara Buki Nokoshi ni Kizuite Neru ni Nerenai Toki mo Aru	0	0	0	0	0	0	0	0	0	0	0	0	0	0	0	1
God Eater	0	0	0	0	0	0	0	0	0	0	0	0	0	0	0	1
Hidan no Aria: Butei ga Kitarite Onsen Kenshuu	0	0	0	0	0	0	0	0	0	0	0	0	0	0	0	1
InuYasha	0	0	0	0	0	0	0	0	0	0	0	0	0	0	0	1
InuYasha: Kanketsu-hen	0	0	0	0	0	0	0	0	0	0	0	0	0	0	0	1
JoJo no Kimyou na Bouken Part 6: Stone Ocean	0	0	0	0	0	0	0	0	0	0	0	0	0	0	0	1
Jormungand	0	0	0	0	0	0	0	0	0	0	0	0	0	0	0	1
Jormungand: Perfect Order	0	0	0	0	0	0	0	0	0	0	0	0	0	0	0	1
K	0	0	0	0	0	0	0	0	0	0	0	0	0	0	0	1
K: Missing Kings	0	0	0	0	0	0	0	0	0	0	0	0	0	0	0	1
K: Return of Kings	0	0	0	0	0	0	0	0	0	0	0	0	0	0	0	1
Karakuri Circus (TV)	0	0	0	0	0	0	0	0	0	0	0	0	0	0	0	1
Kishibe Rohan wa Ugokanai	0	0	0	0	0	0	0	0	0	0	0	0	0	0	0	1
Kiznaiver	0	0	0	0	0	0	0	0	0	0	0	0	0	0	0	1
Koukyoushihen Eureka Seven	0	0	0	0	0	0	0	0	0	0	0	0	0	0	0	1
Level E	0	0	0	0	0	0	0	0	0	0	0	0	0	0	0	1
Mawaru Penguindrum	0	0	0	0	0	0	0	0	0	0	0	0	0	0	0	1
Nanatsu no Taizai: Kamigami no Gekirin	0	0	0	0	0	0	0	0	0	0	0	0	0	0	0	1
Nazo no Kanojo X	0	0	0	0	0	0	0	0	0	0	0	0	0	0	0	1
Owari no Seraph: Kyuuketsuki Shahar	0	0	0	0	0	0	0	0	0	0	0	0	0	0	0	1
Persona 4 the Animation	0	0	0	0	0	0	0	0	0	0	0	0	0	0	0	1
Persona 4 the Animation: No One is Alone	0	0	0	0	0	0	0	0	0	0	0	0	0	0	0	1
Peter Grill to Kenja no Jikan	0	0	0	0	0	0	0	0	0	0	0	0	0	0	0	1
Psycho-Pass 3	0	0	0	0	0	0	0	0	0	0	0	0	0	0	0	1
Psycho-Pass 3: First Inspector	0	0	0	0	0	0	0	0	0	0	0	0	0	0	0	1
Psycho-Pass Movie	0	0	0	0	0	0	0	0	0	0	0	0	0	0	0	1
Psycho-Pass: Sinners of the System Case.1 - Tsumi to Batsu	0	0	0	0	0	0	0	0	0	0	0	0	0	0	0	1
Psycho-Pass: Sinners of the System Case.2 - First Guardian	0	0	0	0	0	0	0	0	0	0	0	0	0	0	0	1
Psycho-Pass: Sinners of the System Case.3 - Onshuu no Kanata ni  	0	0	0	0	0	0	0	0	0	0	0	0	0	0	0	1
Rainbow: Nisha Rokubou no Shichinin	0	0	0	0	0	0	0	0	0	0	0	0	0	0	0	1
Seto no Hanayome OVA	0	0	0	0	0	0	0	0	0	0	0	0	0	0	0	1
Shiki	0	0	0	0	0	0	0	0	0	0	0	0	0	0	0	1
Suisei no Gargantia	0	0	0	0	0	0	0	0	0	0	0	0	0	0	0	1
Sunabouzu	0	0	0	0	0	0	0	0	0	0	0	0	0	0	0	1
Tasogare Otome x Amnesia: Taima Otome	0	0	0	0	0	0	0	0	0	0	0	0	0	0	0	1
Texhnolyze	0	0	0	0	0	0	0	0	0	0	0	0	0	0	0	1
To LOVE-Ru: Multiplication - Mae kara Ushiro kara	0	0	0	0	0	0	0	0	0	0	0	0	0	0	0	1
Tokyo Ravens	0	0	0	0	0	0	0	0	0	0	0	0	0	0	0	1
Trinity Seven: Nanatsu no Taizai to Nana Madoushi	0	0	0	0	0	0	0	0	0	0	0	0	0	0	0	1
Umineko no Naku Koro ni	0	0	0	0	0	0	0	0	0	0	0	0	0	0	0	1
Witch Craft Works	0	0	0	0	0	0	0	0	0	0	0	0	0	0	0	1
